no_item,tipo_muestra,matriz_tipo,tipo_muestreo,ensayo_servicio,nombre_comercial,condiciones_muestra,codigo_servicio,estatus,norma_astm,procedimiento_muestreo,codigo_hoja_campo,unidad_medida,precio,observaciones
1,Agregados,Agregados,Aleatorio / Puntual,CYCSA-PE-01-Determinación de Humedad en muestras de Agregados.,"Humedad en agregados, ASTM C566-25","Tienen que venir o ser tomadas en bolsas o recipientes que mantengan la humedad del mesurando en el proceso de traslado, durante la custodia de la muestra (ensayo) hasta su eliminación.",CYCSA-RT-FM-22G,Acreditado,ASTM C566-25,CYCSA-PE-01,N/A,Unidad,900.0,( 2 dias hábiles )
2,Agregados,Agregados,Aleatorio / Puntual,CYCSA-PE-2-Método de prueba estándar para densidad relativa (gravedad específica) y absorción de agregado fino y gruesos                                                                               (% de Absorción),Absorción de Agregado Grueso – ASTM C127-25,ASTM C127 -25  agregado grueso                                        ASTM C128 -25  agregado fino                                                              15 kg de material pueden venir en saco,CYCSA-RT-FM-22G,No acreditado,"ASTM C127 -25
ASTM C128 -25",CYCSA-PE-02,NA,Unidad,900.0,( 3 dias hábiles )
3,Agregados,Agregados,Aleatorio / Puntual,CYCSA-PE-2-Método de prueba estándar para densidad relativa (gravedad específica) y absorción de agregado fino y gruesos                                                                               (% de Absorción),Absorción de Agregado Fino – ASTM C128-25,ASTM C127 -25  agregado grueso                                        ASTM C128 -25  agregado fino                                                              15 kg de material pueden venir en saco,CYCSA-RT-FM-22G,No acreditado,"ASTM C127 -25
ASTM C128 -25",CYCSA-PE-02,NA,Unidad,900.0,( 3 dias hábiles )
4,Agregados,Agregados,Aleatorio / puntual.,"CYCSA-PE-2-Método de prueba estándar para densidad relativa (gravedad específica) y absorción de agregado fino y gruesos                                                      (Gravedad GE, GE sss, GE AP)",Gravedad Específica y Absorción de Agregado Grueso – ASTM C127-25,ASTM C127 -15  agregado grueso                                        ASTM C128 -22  agregado fino                                                              15 kg de material pueden venir en saco,CYCSA-RT-FM-22G,No acreditado,"ASTM C127 -25
ASTM C128 -25",CYCSA-PE-02,NA,Unidad,2250.0,"(3 días hábiles) 
C$750.00 c/u"
5,Agregados,Agregados,Aleatorio / puntual.,"CYCSA-PE-2-Método de prueba estándar para densidad relativa (gravedad específica) y absorción de agregado fino y gruesos                                                      (Gravedad GE, GE sss, GE AP)",Gravedad Específica y Absorción de Agregado Fino – ASTM C128-25,ASTM C127 -15  agregado grueso                                        ASTM C128 -22  agregado fino                                                              15 kg de material pueden venir en saco,CYCSA-RT-FM-22G,No acreditado,"ASTM C127 -25
ASTM C128 -25",CYCSA-PE-02,NA,Unidad,2250.0,"(3 días hábiles) 
C$750.00 c/u"
6,Agregados,Agregados,Aleatorio / puntual.,"CYCSA-PE-3-Método de prueba estándar para densidad aparente (""Peso unitario"") y vacíos en agregados                                                              PVSC","Peso unitario PVSC, ASTM C29",15 kg de material pueden venir en saco,CYCSA-RT-FM-22G,No acreditado,ASTM C29 / C29M-23,CYCSA-PE-03,NA,Unidad,900.0,( 2 dias hábiles )
7,Agregados,Agregados,Aleatorio / puntual.,"CYCSA-PE-3-Método de prueba estándar para densidad aparente (""Peso unitario"") y vacíos en agregados                                                             PVSS","Peso unitario PVSS, ASTM C29",15 kg de material pueden venir en saco,CYCSA-RT-FM-22G,No acreditado,ASTM C29 / C29M-23,CYCSA-PE-03,NA,Unidad,900.0,(2 días hábiles)
8,Agregados,Agregados,Aleatorio / puntual.,"CYCSA-PE-3-Método de prueba estándar para densidad aparente (""Peso unitario"") y vacíos en agregados                                                             PVSS y PVSC","Peso unitario PVSS, PVSC  ASTM C29",15 kg de material pueden venir en saco,CYCSA-RT-FM-22G,No acreditado,ASTM C29 / C29M-23,CYCSA-PE-03,NA,Unidad,1500.0,(2 días hábiles)
9,Agregados,Otros ensayos,N/A,"CYCSA-PE-04 Determinación de la resistencia al desgaste, del agregado grueso de tamaño hasta de 37.5 mm (1½ pulg), por abrasión e impacto en la Maquina de Los Ángeles)                       Abrasión de los ángeles","Abrasión Los Ángeles, ASTM C131/C535",20 kg por submuestra,N/A,No acreditado,C131 / C131 M-20                          ASTM C535,CYCSA-PE-04,N/A,Unidad,3000.0,(2 días hábiles) A convenir
10,Agregados,Agregados,Aleatorio/ Puntual,CYCSA-PE-05- Determinacion de materia organica en los agregados finos para Concreto                                                                        (Colorimetria).,Materia Orgánica en Agregado Fino (Colorimetría) – ASTM C40/C40M-26,15 kg de material pueden venir en saco,CYCSA-RT-FM-22G,No acreditado,ASTM C140/C140M-26,CYCSA-PE-05,NA,Unidad,950.0,(2 días hábil)
11,Agregados,Agregados,Aleatorio o Puntual,*CYCSA-PE-06 -Determinación del Análisis Granulométrico de los Agregados  Gruesos y Finos.,"Granulometría agregados, ASTM C136/C117",15 kg de material pueden venir en saco,CYCSA-RT-FM-22-F,Acreditado,ASTM C136 / C136M- 25                        ASTM C117-23,CYCSA-PE-06                       CYCSA-PE-28,NA,Unidad,900.0,( 2 dias hábiles )
12,Concreto/Cilindro,Concreto,Aleatorio,*CYCSA-PE-07 Determinación de la resistencia  del concreto.,Resistencia a Compresión del Concreto – ASTM C39/C39M-23,"Cilindros con dimenciones  estandar de 4*8 ó 6*12, sin alteracion fisica, en caso de encontrarse se notifica al cliente cualquier anomalia antes de proceder y se cotizara en caso de proceder con la nota presencia de desviacion de metodo)",CYCSA-RT-FM-22 A,Acreditado,ASTM C39/C39M-23,CYCSA-PE-07,CYCSA-RT-FM-07,Unidad,600.0,(1 día después de las fechas de ruptura correspondiente) estandar de ensayo de resistencia 7-14 y 28 dias
13,Cilindros,Concreto,Aleatorio / Puntual,CYCSA-PE-08 Procedimiento para la Dosificación y Fabricación de Mezclas de Concreto (diseño),Diseño de Mezclas de Concreto – ACI 211,"100kg de Agregados fino, 100 kg de agregado grueso y 1 bolsa de cemento, Aditivo si lo requiere.",CYCSA-RT-FM-22 A,No acreditado,ACI 211,CYCSA-PE-08,NA,Unidad,7400.0,(10 días hábiles)
14,Concreto,Concreto,Aleatorio,"*CYCSA-PE-09 ""Determinación del Revenimiento del Concreto""",Revenimiento del Concreto – ASTM C143/C143M-26a,"Trabajabilidad del concreto entre 1"" y 10""",CYCSA-RT-FM-22 A,Acreditado,ASTM C143/C143M- 26a,CYCSA-PE-09,CYCSA-RT-FM-07,Unidad,600.0,(1 día después de tomada la muestra) va en reporte de ensayo a los 7 dias primer ensayo de ruptura
15,Cilindros / Cubos,Concreto,Aleatorio / Puntual,CYCSA-PE-10 Procedimiento para la toma de muestras de Concreto,Muestreo de Concreto Fresco – ASTM C172,Ser tomada de la parte media del volumen realizado,CYCSA-RT-FM-22 A,No acreditado,ASTM C172,CYCSA-PE-10,NA,Unidad,600.0,(1 días hábiles)
16,Suelo,Suelo,Aleatorio o Puntual,CYCSA-PE-11 Método de prueba estándar para la relación de rodamiento de california (C.B.R) de los suelos compactos en laboratorio,CBR de Suelos en Laboratorio – ASTM D1883-21,15 kg de material pueden venir en saco,CYCSA-RT-FM-22H,No acreditado,ASTM D 1883-21,CYCSA-PE-11,CYCSA-RT-FM-13,Unidad,2250.0,"(7 días hábiles)
Precio por metro"
17,Concreto,Concreto,Puntual,CYCSA-PE-12-Método de prueba estándar del numero de rebote para concreto endurecido (Martillo Suizo).,Número de Rebote del Concreto (Esclerómetro) – ASTM C805/C805M-25,"Elemento con mas de 15 dias de haberse elaborado, superficie lisa sin repello, sin saturacion de humedad, espsor minimo de 4"" pulgadas",CYCSA-RT-FM-22 D,No acreditado,ASTM C805/ C805M-25,CYCSA-PE-12,CYCSA-RT-FM-08,Unidad,1500.0,(1 día luego de tomada la muestra)
18,Suelo,Suelo,Aleatorio o Puntual,CYCSA-PE-13-“Determinación del Contenido de Humedad en muestras de Suelo”,Contenido de Humedad en Suelos – ASTM D2216-19,5kg de muestra minimo empacada en bolsa o recipiente que contengan la humedad,CYCSA-RT-FM-22-F,Acreditado,ASTM C 2216-19,CYCSA-PE-13,CYCSA-RT-FM-13,Unidad,800.0,(2 días luego de tomada la muestra)
19,Suelo,Suelo,Aleatorio / Puntual,CYCSA-PE-14-Métodos de prueba estándar para la gravedad específica de los sólidos del suelo por picnómetro de agua                                                                                                   (Gravedad especifica),Gravedad Específica de Suelos (Picnómetro) – ASTM D854-23,15 kg de material pueden venir en saco,CYCSA-RT-FM-22G,No acreditado,ASTM D854-23,CYCSA-PE-14,N/A,Unidad,1500.0,(3 días hábiles)
20,Suelo,Suelo,Aleatorio / Puntual,*CYCSA-PE-16-Determinación de análisis Granulométrico de suelos.,Granulometría de Suelos – ASTM D6913/D6913M-17 (2025),15 kg de material pueden venir en saco,CYCSA-RT-FM-22F,Acreditado,ASTM D6913/ D6913 M-17 (2025),CYCSA-PE-16,CYCSA-RT-FM-09 (SPT),Unidad,900.0,(2 días luego de tomada la muestra)
21,Suelo,Suelo,Aleatorio / puntual.,"*CYCSA-PE-17 "" Determinación de los  Límites de consistencia o de Atterberg de los suelos""",Límites de Atterberg de Suelos – ASTM D4318-17e1,15 kg de material pueden venir en saco,CYCSA-RT-FM-22 F,Acreditado,ASTM D4318-17e1,CYCSA-PE-17,NA,Unidad,1500.0,(4 días hábiles)
22,Suelo,Suelo,Aleatorio o Puntual,*CYCSA-PE-18-Determinación de las características de compactación del suelo por el método de Proctor Estándar.,Compactación de Suelos (Proctor Estándar) – ASTM D698-12 (Reapproved 2021),20kg de muestra,CYCSA-RT-FM-22 C,Acreditado,"ASTM D698-12
(Reappoved 2021)",CYCSA-PE-18,NA,Unidad,1300.0,(3 días luego de tomada la muestra)
23,Suelo,Suelo,Aleatorio o Puntual,*CYCSA-PE-18-Determinación de las características de compactación del suelo por el método de Proctor Modificado.,Compactación de Suelos (Proctor Modificado) – ASTM D698-12 (Reapproved 2021),20kg de muestra,CYCSA-RT-FM-22 C,Acreditado,"ASTM D1557-12
(Reappoved 2021)",CYCSA-PE-18,NA,Unidad,1300.0,(3 días luego de tomada la muestra)
24,concreto,concreto,Aleatorio o Puntual,CYCSA-PE-19 Ferroscan,Detección de Acero en Concreto (Ferroscan),Conocer si los ensayos seran tomados en altura o solo en la superficie,No acreditado,No acreditado,No acreditado,CYCSA-PE-19,NA,No acreditado,22200.0,(2 días luego de tomada la muestra)
25,Suelo,Suelo,Aleatorio / Puntual,CYCSA-PE-20 Método de prueba estándar para la densidad y el peso unitario del suelo colocado mediante el método de cono de arena,Densidad In Situ por Cono de Arena – ASTM D1556/D1556M-24,"Tiempo despajado sin brisa o lluvia, terreno compactado",CYCSA-RT-FM-22 B,No acreditado,ASTM D 1556/ D1556M-24,CYCSA-PE-20,CYCSA-RT-FM-05,Unidad,1300.0,(2 día una vez recibida hoja de campo en laboratorio)
26,Suelo,Suelo,Aleatorio / Puntual,"CYCSA-PE-21 Método de prueba estándar para prueba de penetración estándar (SPT) y muestreo de suelos de barril dividido   (D1586)   (Sondeos Generales SPT)                                                                           
Práctica estándar para el muestreo de tubos de pared delgada de suelos de grano fino para fines geotécnicos (D1587)","SPT y Muestreo de Suelos (Barril y Shelby) – ASTM D1586/D1586M-18e1, ASTM D1587/D1587M-15",Zonas parejas minimo 5 mts a la redodnda para estacion de equipo y estables,CYCSA-RT-FM-22 C,No acreditado,"ASTM D1586 / D1586M -18e1
ASTM D1587 / D1587M-15",CYCSA-PE-21,CYCSA-RT-FM-09,Metro,3700.0,"*No incluye suelos rocosos (7 días hábiles) precio por metro
Ensayos se cotizan por separado al 50% del costo."
27,Suelo,Suelo,Aleatorio o Puntual,CYCSA-PE-23 Práctica estándar para la clasificación de suelos con fines de ingeniería (Sistema Unificado de Clasificación de Suelos)  (SUCS),Clasificación de Suelos (SUCS) – ASTM D2487-17,15 kg de material pueden venir en saco,CYCSA-RT-FM-22F,No acreditado,ASTM D 2487 -17,CYCSA-PE-23,CYCSA-RT-FM-13,Unidad,800.0,(3 día luego de tomada la muestra)
28,Suelo,Suelo,Aleatorio o Puntual,CYCSA-PE-24 Ensayo de porchet (Velocidad de  infiltración del agua en el  suelo ),Ensayo de Infiltración en Suelos (Porchet),Relizar calicata de 30cm x30cm para ensayo de manera superficial o si se requiere que cliente hacer calicatas de 1 m o  2m en caso de ser necesrio o a la profundidad que requieran evaluar clinte hace calicata a esa profundidad o definir en costo en caso qeu se haga por parte de cycsa,CYCSA-RT-FM-22A,No acreditado,No acreditado,CYCSA-PE-24,CYCSA-RT-FM-10.,Unidad,7400.0,"(3 días luego de tomada la muestra)
 (excavación la realiza el cliente)"
29,Suelo,Suelo,Aleatorio / Puntual,*CYCSA-PE-25-Metodo estándar para la determinación  de densidad in situ y contenido de agua,Densidad y Humedad In Situ (Densímetro Nuclear) – ASTM D6938-23,"Se encuentre libre de saturación de humedad, tiempo despejado sin brisa y terreno compactado",CYCSA-RT-FM-22 B,Acreditado,ASTM D6938-23,CYCSA-PE-25,CYCSA-RT-FM-05,Unidad,1300.0,(1 día una vez recibida hoja de campo en laboratorio)
30,Concreto,Concreto,Aleatorio,*CYCSA-PE-27-Procedimiento para la Determinación de Temperatura en el concreto fresco.,Temperatura del Concreto Fresco – ASTM C1064/C1064M-23,Concreto recien mezclado,CYCSA-RT-FM-22 A,Acreditado,ASTM C1064M/C1064M-23,CYCSA-PE-27,CYCSA-RT-FM-07,Unidad,600.0,(1 día después de tomada la muestra) va en reporte de ensayo a los 7 dias primer ensayo de resistencia del cilindro
31,Concreto,Otros ensayos,N/A,CYCSA-PE-29 Método de prueba estándar para medir el espesor de elementos de concreto utilizando núcleos de concreto perforados.,"Espesor de Concreto mediante Núcleos – ASTM C174/C174M, ASTM C42, ASTM C39",Una vez extraido el nucleo reposa 5 dias para proceder con su ruptura,N/A,No acreditado,ASTM C 174/C174M                         ASTM C39       ASTM C42,CYCSA-PE-29,N/A,Unidad,4500.0,(6 día una vez recibida hoja de campo en laboratorio)
32,Viguetas,Concreto,Aleatorio / Puntual,*CYCSA-PE-30-Método de Ensayo Estándar para Determinar el Esfuerzo de Flexión del Concreto (utilizando una viga simple con carga en el tercer punto)”,Resistencia a Flexión del Concreto (Tercer Punto) – ASTM C78/C78M-22,Unidades sin fisura,CYCSA-RT-FM-22-E,Acreditado,ASTM C78/C78M-22,CYCSA-PE-30,CYCSA-RT-FM-07,Unidad,800.0,(1 día después de su ruptura correspondiente)
33,Adoquines,Concreto,Aleatorio / Puntual,"*CYCSA-PE-32 ""Procedimiento para la determinación de la resistencia del Bloque y Adoquín"",",Resistencia de Bloques– ASTM C140/C140M-24,".
Adoquines: 
Especímenes sin alteración física (fisura o unidad quebradas) cantidad de muestra mínima 3 unidades por lote para la ruptura, solo en caso que reuieran absorcion del mesurando se solictarán que se recepcione 3 unidades adicionales",CYCSA-RT-FM-22 A,Acreditado,ASTM-C140/C140M-24,CYCSA-PE-32,CYCSA-RT-FM-07,Unidad,2000.0,(3 días hábiles si se realizan los 3 ensayos)
34,Bloque,Concreto,Aleatorio / Puntual,CYCSA-PE-32-Método de Ensayo para determinar la resistencia del bloque y adoquin.,Resistencia de Adoquines– ASTM C140/C140M-24,"Bloques:
Especímenes sin alteración física (fisura o unidad quebradas) cantidad de muestra mínima 6 unidades por lote para ruptura se tomaran 3 y para absorción 3 mas. % de absorción + peso volumétrico de bloques",CYCSA-RT-FM-22 A,Acreditado,ASTM-C140/C140M-23,CYCSA-PE-32,CYCSA-RT-FM-07,Unidad,2000.0,(3 días hábiles si se realizan los 3 ensayos)
35,Concreto,Concreto,N/A,CYCSA-PE-33 Prepracion de muestra analiticas de suelos para ensayos,Preparación de Muestras de Suelos – ASTM D421,"Servicio de recolecta y traslado de muestras 15 kg de material pueden venir en saco, solo si es para humedad en bolsas o recipientes que contengan la humedad",N/A,No acreditado,ASTM-D421,CYCSA-PE-33,N/A,Unidad,900.0,"(Precio varía por cantidad, no incluye elaboración de la muestra)"
36,Concreto,Concreto,Aleatorio,CYCSA-PE-35-Procedimiento contenido de aire del concreto recién mezclado mediante el método por presión.,Contenido de Aire en Concreto Fresco (Presión) – ASTM C231/C231M-14,CONCRETO RECIEN MEZCLADO,No acreditado,No acreditado,ASTM C231/C231M-14,CYCSA-PE-35,No acreditado,No acreditado,1500.0,(1 día después de tomada la muestra) va en reporte de ensayo a los 7 dias primer ensayo de resistencia del cilindro
37,Concreto,Concreto,Aleatorio,CYCSA-PE-36-Procedimiento contenido de aire del concreto recién mezclado mediante el método volumétrico,Contenido de Aire en Concreto Fresco (Volumétrico) – ASTM C173/C173M,CONCRETO RECIEN MEZCLADO,No acreditado,No acreditado,ASTM C173/C173M,CYCSA-PE-36,No acreditado,No acreditado,1500.0,(1 día después de tomada la muestra) va en reporte de ensayo a los 7 dias primer ensayo de resistencia del cilindro
38,Concreto,Concreto,Aleatorio,CYCSA-PE-37-Determinación del flujo de revenimiento del concreto autoconsolidante.,Flujo de Revenimiento del Concreto Autoconsolidante – ASTM C1611/C1611M-21,Trabajabilidad del concreto DE 55cm a mas,CYCSA-RT-FM-22 A,No acreditado,ASTM C1611/C1611M-21,CYCSA-PE-37,CYCSA-RT-FM-07,Unidad,900.0,(1 día después de tomada la muestra)
39,Acero,Otros ensayos,N/A,CYCSA-PE-38 Especificación estándar para barras de acero de baja aleación lisas y corrugadas para refuerzo de hormigón                                   (Ensayos de doblez Simple),"Doblado de Barras de Refuerzo – ASTM A706/A706M-22a, ASTM A615/A615M-22","Segmentos de varillas de 50 cm en donde aparescas impresa en la varillas las caracteristica de fabrica (GUA 60-40, 1/2 o 3/4 etc,,) y segmentos pares",N/A,No acreditado,"A706 / A706 M-22a
A615 / A615 M-22",CYCSA-PE-38,N/A,Unidad,2250.0,A convenir
40,Agregados fino,Otros ensayos,N/A,CYCSA-PE-39 Determinación del valor de azul de metileno en agregados finos,Valor de Azul de Metileno en Agregados Finos – AASHTO T 330,5 kg de material pueden venir en saco o bolsas,N/A,No acreditado,(Norma de referencia AASHTO T 330),CYCSA-PE-39,N/A,Unidad,1850.0,(Tres días hábiles)
41,Varios,Otros ensayos,N/A,CYCSA-PE-40 Métodos de prueba estándar para la resistencia a la compresión y los módulos elásticos de muestras de núcleos de roca intactos bajo diferentes estados de tensión y temperaturas Compresión simple en roca.,Compresión Uniaxial en Roca – ASTM D7012-23,Rocas de dimenciones mayores de 7 a 10 pulgadas de diametro para poder extraer nucleos represntativos para el ensayo de reistencia,N/A,No acreditado,ASTM D7012-23,CYCSA-PE-40,N/A,Unidad,2800.0,(3 dias habiles)
42,Agregados,Otros ensayos,N/A,CYCSA-PE-41 Método de prueba estándar para grumos de arcilla y partículas desmezurable en agregados.,Grumos de Arcilla en Agregados – ASTM C142/C142M-25,15 kg de material pueden venir en saco,N/A,No acreditado,C142 / C142 M-25,CYCSA-PE-41,N/A,Unidad,1900.0,(Tres días hábiles)
43,Agregados,Otros ensayos,Aleatorio / Puntual,"CYCSA-PE-42 Método de prueba estándar para partículas planas, partículas alargadas o partículas planas y alargadas en agregado grueso   (Alargamiento ó aplastamiento)",Partículas Planas y Alargadas en Agregado Grueso – ASTM D4791-23,15 kg de material pueden venir en saco,N/A,No acreditado,ASTM D4791-23,CYCSA-PE-42,No acreditado,Unidad,600.0,(3 dias habiles)
44,Suelo,Suelo,Aleatorio / Puntual,CYCSA-PE-46 Métodos de prueba estándar para la densidad del suelo y los materiales rocosos in situ mediante el método de reemplazo de agua en un pozo de prueba                                                                  Compactación por reemplazo de agua,"Densidad In Situ por Reemplazo de Agua – ASTM D5030/D5030M-21, ENTP 339.183-2002","medicion de recipiente por volumen de agua, plasticos para cubrir hueco y aro para evitar el desplazamineto de plastico y delimiar el area de perforación",N/A,No acreditado,"ASTM D5030 M-21
ENTP 339.183-2002",CYCSA-PE-46,NA,Unidad,2250.0,(2 día luego de tomada la muestra)
45,Soldadura (metales),Otros ensayos,N/A,"CYCSA-PE-47 procedimiento de tinte penetrante para la  detección de defectos en la soldadura
(ensayo no destructivo)",Líquidos Penetrantes en Soldadura – ASTM E165/E165M-23,verificar si es o no en alturas y si es en altura que el cliente facilite las condiciones (andamios u escaleras),N/A,No acreditado,E165/E165M−23,CYCSA-PE-47,No acreditado,Unidad,2000.0,(1 dia despues de recepcion de la muestra)
46,,,Aleatorio / Puntual,CYCSA-PE-48-procedimiento de Ensayo de Infiltración Lefranc (In Situ),Determinación de la permeabilidad in situ por método Lefranc (NF P 94-132),,N/A,No acreditado,,CYCSA-PE-48,No acreditado,Unidad,7400.0,
47,Suelo,Suelo,Aleatorio / Puntual,CYCSA-PE-49 Método de prueba estándar para el uso del penetrómetro de cono dinámico en aplicaciones de pavimentos poco profundos(DCP),Penetrómetro de Cono Dinámico (DCP) – ASTM D6951/D6951M-18 (2023),suelo no saturados de humedad,N/A,No acreditado,D6951/D6951M-18 (2023),CYCSA-PE-49,N/A,Unidad,4800.0,(1 dia despues de recepcion de la muestra)
48,Agregados,Otros ensayos,N/A,CYCSA-PE-50 Método de prueba estándar para el valor equivalente de arena de suelos y agregados finos (Equivalente de arena.),Equivalente de Arena en Suelos y Agregados Finos – ASTM D2419-22,15 kg de material pueden venir en saco,CYCSA-RT-FM-22 A,No acreditado,ASTM D-2419-22,CYCSA-PE-50,N/A,Unidad,2250.0,(3 dias habiles)
49,(metales),Otros ensayos,Aleatorio / Puntual,CYCSA-PE-51 Métodos de Prueba Estándar para Medición No Destructiva del Espesor de Película Seca de Recubrimientos No-Magnético Aplicado a una Base Ferrosa,Espesor de Película Seca en Recubrimientos No Magnéticos sobre Base Ferrosa – ASTM D1186-01,verificar si es o no en alturas y si es en altura que el cliente facilite las condiciones (andamios u escaleras),N/A,No acreditado,ASTM D1186-01,CYCSA-PE-51,N/A,Unidad,2250.0,(1 dia despues de recepcion de la muestra)
50,Agregados,Otros ensayos,N/A,"CYCSA-PE-52 Método de prueba estándar para la solidez de los agregados mediante el uso de sulfato de sodio o sulfato de magnesio. (Intemperísmo Acelerado agregado grueso
Durabilidad de sulfato en magnesio)",Solidez de Agregados (Sulfato de Sodio o Magnesio) – ASTM C88/C88M-24,15 kg de material pueden venir en saco,CYCSA-RT-FM-22-F,No acreditado,ASTM C88 / C88M -24,CYCSA-PE-52,N/A,Unidad,4500.0,(7 día luego de tomada la muestra)
51,Suelo,suelo,N/A,CYCSA-PE-54 Métodos de Prueba Estándar para Propiedades de Consolidados Unidimensional De Suelo Usando Carga Incremental,Corte Directo en Suelos (Consolidado Drenado) – ASTM D3080/D3080M-23,15 kg de material pueden venir en saco,N/A,No acreditado,ASTM D2435/ D2435M-11,CYCSA-PE-54,N/A,Unidad,15000.0,(7 día luego de tomada la muestra)
52,Suelo,Otros ensayos,N/A,CYCSA-PE-55 Métodos de Prueba de Corte Directo de Suelo en Consolidación Drenada Consolidada,Corte Directo en Suelos (Consolidado Drenado) – ASTM D3080/D3080M-23,"15 kg de material pueden venir en saco, realizar ensayos previso de gravedad especifica y humedad del material Corte directo (10-100-200 kpa )",N/A,No acreditado,ASTM D3080/ D3080M-23,CYCSA-PE-55,N/A,Unidad,5500.0,(4 dias habiles)
53,Mortero,mortero,N/A,CYCSA-PE-57 Método de prueba estándar para la resistencia a la compresión de morteros de cemento hidráulico (utilizando muestras cúbicas de 50 mm [2 in]),Resistencia a Compresión de Morteros – ASTM C109/C109M-24,Proceso de curado correspondiente,N/A,No acreditado,ASTM C109/C109 M- 24,CYCSA-PE-57,N/A,Unidad,600.0,1 día después de su ruptura correspondiente
54,Suelo,Otros ensayos,N/A,CYCSA-PE-58 Métodos de prueba estándar para la resistencia a la compresión de cilindros de suelo-cemento moldeados.,Resistencia a Compresión de Suelo-Cemento – ASTM D1633-17,Curados en bolsas,CYCSA-RT-FM-22 A,No acreditado,ASTM D1633-17,CYCSA-PE-58,N/A,Unidad,600.0,(1 día después de tomada la muestra) va en reporte de ensayo a los 7 dias primer ensayo de ruptura
55,Concreto,Concreto,N/A,"CYCSA-PE-59 Determinación de la densidad, la absorción de agua y los vacíos en el concreto endurecido.","Densidad, Absorción y Vacíos en Concreto Endurecido – ASTM C642",muestras inalteradas o fisuradas,N/A,No acreditado,ASTM C642,CYCSA-PE-59,N/A,Unidad,900.0,(3 dias habiles)
56,,,,CYCSA-PE-61 Métodos de Ensayo Estándar para Ensayos de Tracción en Materiales Metálicos.,"Tracción de materiales metálicos (  Muestra de varilla #3) 
ASTM E8/E8M (ref. ASTM A370)","Segmentos de varillas de 50 cm en donde aparezca impresa en la varillas las característica de fabrica (GUA 60-40, 1/2 o 3/4 etc,,)",,No acreditado,,CYCSA-PE-61,,Unidad,4250.0,
57,,,,CYCSA-PE-61 Métodos de Ensayo Estándar para Ensayos de Tracción en Materiales Metálicos.,"Tracción de materiales metálicos (  Muestra de varilla #4) 
ASTM E8/E8M (ref. ASTM A370)","Segmentos de varillas de 50 cm en donde aparezca impresa en la varillas las característica de fabrica (GUA 60-40, 1/2 o 3/4 etc,,)",,No acreditado,,CYCSA-PE-61,,Unidad,4250.0,
58,,,,CYCSA-PE-61 Métodos de Ensayo Estándar para Ensayos de Tracción en Materiales Metálicos.,"Tracción de materiales metálicos (  Muestra de varilla #5) 
ASTM E8/E8M (ref. ASTM A370)","Segmentos de varillas de 50 cm en donde aparezca impresa en la varillas las característica de fabrica (GUA 60-40, 1/2 o 3/4 etc,,)",,No acreditado,,CYCSA-PE-61,,Unidad,4700.0,
59,,,,CYCSA-PE-61 Métodos de Ensayo Estándar para Ensayos de Tracción en Materiales Metálicos.,"Tracción de materiales metálicos (  Muestra de varilla #6) 
ASTM E8/E8M (ref. ASTM A370)","Segmentos de varillas de 50 cm en donde aparezca impresa en la varillas las característica de fabrica (GUA 60-40, 1/2 o 3/4 etc,,)",,No acreditado,,CYCSA-PE-61,,Unidad,4700.0,
60,,,,CYCSA-PE-61 Métodos de Ensayo Estándar para Ensayos de Tracción en Materiales Metálicos.,"Tracción de materiales metálicos (  Muestra de varilla #7) 
ASTM E8/E8M (ref. ASTM A370)","Segmentos de varillas de 50 cm en donde aparezca impresa en la varillas las característica de fabrica (GUA 60-40, 1/2 o 3/4 etc,,)",,No acreditado,,CYCSA-PE-61,,Unidad,6700.0,
61,,,,CYCSA-PE-61 Métodos de Ensayo Estándar para Ensayos de Tracción en Materiales Metálicos.,"Tracción de materiales metálicos (  Muestra de varilla #8) 
ASTM E8/E8M (ref. ASTM A370)","Segmentos de varillas de 50 cm en donde aparezca impresa en la varillas las característica de fabrica (GUA 60-40, 1/2 o 3/4 etc,,)",,No acreditado,,CYCSA-PE-61,,Unidad,6700.0,
62,N/A,Movilización,N/A,Movilización Managua Urbano,Movilización Managua Urbano,N/A,CYCSA-026-1,No acreditado,N/A,N/A,N/A,Viaje,2300.0,A convenir
63,N/A,Movilización,N/A,Movilización hacia Santa Rosa.,Movilización hacia Santa Rosa.,N/A,CYCSA-026-10,No acreditado,N/A,N/A,N/A,Viaje,3700.0,A convenir
64,N/A,Movilización,N/A,Movilización hacia  El Sauce.,Movilización hacia  El Sauce.,N/A,CYCSA-026-11,No acreditado,N/A,N/A,N/A,Viaje,3700.0,A convenir
65,N/A,Movilización,N/A,Movilización hacia Rivas,Movilización hacia Rivas,N/A,CYCSA-026-12,No acreditado,N/A,N/A,N/A,Viaje,3700.0,A convenir
66,N/A,Movilización,N/A,Movilización hacia Granada.,Movilización hacia Granada.,N/A,CYCSA-026-13,No acreditado,N/A,N/A,N/A,Viaje,3700.0,A convenir
67,N/A,Movilización,N/A,Movilización hacia  Pueblos Blancos,Movilización hacia  Pueblos Blancos,N/A,CYCSA-026-14,No acreditado,N/A,N/A,N/A,Viaje,3700.0,A convenir
68,N/A,Movilización,N/A,Movilización hacia  Masaya.,Movilización hacia  Masaya.,N/A,CYCSA-026-15,No acreditado,N/A,N/A,N/A,Viaje,3700.0,A convenir
69,N/A,Movilización,N/A,Movilización hacia Carazo.,Movilización hacia Carazo.,N/A,CYCSA-026-16,No acreditado,N/A,N/A,N/A,Viaje,3700.0,A convenir
70,N/A,Movilización,N/A,Movilización hacia Puerto Morazán.,Movilización hacia Puerto Morazán.,N/A,CYCSA-026-17,No acreditado,N/A,N/A,N/A,Viaje,5000.0,A convenir
71,N/A,Movilización,N/A,Movilización hacia Somotillo.,Movilización hacia Somotillo.,N/A,CYCSA-026-18,No acreditado,N/A,N/A,N/A,Viaje,5000.0,A convenir
72,N/A,Movilización,N/A,Movilización hacia Chontales,Movilización hacia Chontales,N/A,CYCSA-026-19,No acreditado,N/A,N/A,N/A,Viaje,5500.0,A convenir
73,N/A,Movilización,N/A,Movilización Chinandega-Urbano,Movilización Chinandega-Urbano,N/A,CYCSA-026-2,No acreditado,N/A,N/A,N/A,Viaje,2300.0,A convenir
74,N/A,Movilización,N/A,Movilización hacia Matagalpa.,Movilización hacia Matagalpa.,N/A,CYCSA-026-20,No acreditado,N/A,N/A,N/A,Viaje,5000.0,A convenir
75,N/A,Movilización,N/A,Movilización Jinotega.,Movilización Jinotega.,N/A,CYCSA-026-21,No acreditado,N/A,N/A,N/A,Viaje,5000.0,A convenir
76,N/A,Movilización,N/A,Movilización hacia Nueva Segovia.,Movilización hacia Nueva Segovia.,N/A,CYCSA-026-22,No acreditado,N/A,N/A,N/A,Viaje,5000.0,A convenir
77,N/A,Movilización,N/A,Movilización hacia Boaco,Movilización hacia Boaco,N/A,CYCSA-026-23,No acreditado,N/A,N/A,N/A,Viaje,5000.0,A convenir
78,N/A,Movilización,N/A,Movilización hacia San Carlos.,Movilización hacia San Carlos.,N/A,CYCSA-026-24,No acreditado,N/A,N/A,N/A,Viaje,11050.0,A convenir
79,N/A,Movilización,N/A,Movilización hacia  Bilwi.,Movilización hacia  Bilwi.,N/A,CYCSA-026-25,No acreditado,N/A,N/A,N/A,Viaje,11050.0,A convenir
80,N/A,Movilización,N/A,Movilización hacia Wiwilí,Movilización hacia Wiwilí,N/A,CYCSA-026-26,No acreditado,N/A,N/A,N/A,Viaje,11050.0,A convenir
81,N/A,Movilización,N/A,Movilización hacia El Rama.,Movilización hacia El Rama.,N/A,CYCSA-026-27,No acreditado,N/A,N/A,N/A,Viaje,11050.0,A convenir
82,N/A,Movilización,N/A,Movilización hacia Nueva Guinea,Movilización hacia Nueva Guinea,N/A,CYCSA-026-28,No acreditado,N/A,N/A,N/A,Viaje,11050.0,A convenir
83,N/A,Movilización,N/A,Movilización Tipitapa.,Movilización Tipitapa.,N/A,CYCSA-026-29,No acreditado,N/A,N/A,N/A,Viaje,3000.0,A convenir
84,N/A,Movilización,N/A,Movilización  sitio carretera Potosí Km 142,Movilización  sitio carretera Potosí Km 142,N/A,CYCSA-026-3,No acreditado,N/A,N/A,N/A,Viaje,3700.0,A convenir
85,N/A,Movilización,N/A,Movilización Waspam.,Movilización Waspam.,N/A,CYCSA-026-30,No acreditado,N/A,N/A,N/A,Viaje,44200.0,A convenir
86,N/A,Movilización,N/A,Movilización hacia Región del Autónoma Atlántico Norte (RAAN).,Movilización hacia Región del Autónoma Atlántico Norte (RAAN).,N/A,CYCSA-026-31,No acreditado,N/A,N/A,N/A,Viaje,44200.0,A convenir
87,N/A,Movilización,N/A,Movilización hacia Bonanza.,Movilización hacia Bonanza.,N/A,CYCSA-026-32,No acreditado,N/A,N/A,N/A,Viaje,44200.0,A convenir
88,N/A,Movilización,N/A,Movilización a Puerto Sandino.,Movilización a Puerto Sandino.,N/A,CYCSA-026-33,No acreditado,N/A,N/A,N/A,Viaje,2250.0,A convenir
89,N/A,Movilización,N/A,Movilización hacia  Posoltega.,Movilización hacia  Posoltega.,N/A,CYCSA-026-34,No acreditado,N/A,N/A,N/A,Viaje,1900.0,A convenir
90,N/A,Movilización,N/A,Movilización hacia Nandaime.,Movilización hacia Nandaime.,N/A,CYCSA-026-35,No acreditado,N/A,N/A,N/A,Viaje,3000.0,A convenir
91,N/A,Movilización,N/A,Movilización hacia Estelí (Urbano),Movilización hacia Estelí (Urbano),N/A,CYCSA-026-36,No acreditado,N/A,N/A,N/A,Viaje,5550.0,A convenir
92,N/A,Movilización,N/A,Movilización hacia mina El Limón.,Movilización hacia mina El Limón.,N/A,CYCSA-026-37,No acreditado,N/A,N/A,N/A,Viaje,2500.0,A convenir
93,N/A,Movilización,N/A,Movilización hacia León.,Movilización hacia León.,N/A,CYCSA-026-38,No acreditado,N/A,N/A,N/A,Viaje,1300.0,A convenir
94,N/A,Movilización,N/A,Movilización hacia Peñas Blancas.,Movilización hacia Peñas Blancas.,N/A,CYCSA-026-39,No acreditado,N/A,N/A,N/A,Viaje,18000.0,A convenir
95,N/A,Movilización,N/A,Movilización Km 139 carretera a Corinto,Movilización Km 139 carretera a Corinto,N/A,CYCSA-026-4,No acreditado,N/A,N/A,N/A,Viaje,2600.0,A convenir
96,N/A,Movilización,N/A,Movilización ciudad de Managua.,Movilización ciudad de Managua.,N/A,CYCSA-026-40,No acreditado,N/A,N/A,N/A,Viaje,1500.0,A convenir
97,N/A,Movilización,N/A,Movilización hacia Corinto.,Movilización hacia Corinto.,N/A,CYCSA-026-41,No acreditado,N/A,N/A,N/A,Viaje,2600.0,A convenir
98,N/A,Movilización,N/A,"Carretera León-San Isidro, San Jacinto Tizate.","Carretera León-San Isidro, San Jacinto Tizate.",N/A,CYCSA-026-5,No acreditado,N/A,N/A,N/A,Viaje,2000.0,A convenir
99,Concreto,Concreto,N/A,Movilización Telica-León,Movilización Telica-León,N/A,CYCSA-026-6,No acreditado,N/A,No acreditado,N/A,Unidad,2000.0,A convenir
100,Suelo y/o agua,Otros ensayos,N/A,Movilización hacia San Juan del Sur.,Movilización hacia San Juan del Sur.,N/A,CYCSA-026-7,No acreditado,N/A,No acreditado,N/A,Unidad,11050.0,A convenir
101,Suelo,Suelo,Aleatorio,Movilización hacia Ocotal,Movilización hacia Ocotal,N/A,CYCSA-026-8,No acreditado,ASTM D558 / D558M - 19                       ASTM D1633-17,No acreditado,NA,Unidad,7200.0,A convenir
102,Acero,Otros ensayos,N/A,Movilización hacia Achuapa.,Movilización hacia Achuapa.,N/A,CYCSA-026-9,No acreditado,"A706 / A706 M-25
A615 / A615 M-25",No acreditado,N/A,Unidad,3700.0,A convenir
103,Acero,Otros ensayos,,,,,,No acreditado,,,,Unidad,0.0,
104,Acero,Otros ensayos,,,,,,No acreditado,,,,Unidad,0.0,
105,Barro,Barro,,,,,,No acreditado,,,,Unidad,0.0,
106,Varios,Otros ensayos,,,,,,No acreditado,,,,Unidad,0.0,
107,Suelo,Suelo,,,,,,No acreditado,,,,Unidad,0.0,
108,Suelo,Suelo,,,,,,No acreditado,,,,Unidad,0.0,
109,Acero/Soldadura,Otros ensayos,,,,,,No acreditado,,,,Unidad,0.0,
110,Suelo,Suelos,,,,,,No acreditado,,,,Unidad,0.0,
111,Varios,Otros ensayos,,,,,,No acreditado,,,,Unidad,0.0,
