no_item,matriz_tipo,nombre,codigo_servicio,estatus,norma,precio,origen
1,Agregados,"Humedad en agregados, ASTM C566-25",CYCSA-RT-FM-22G,Acreditado,ASTM C566-25,900.0,CYCSA RG-LI-05
2,Agregados,Absorción de Agregado Grueso – ASTM C127-25,CYCSA-RT-FM-22G,No acreditado,"ASTM C127 -25
ASTM C128 -25",900.0,CYCSA RG-LI-05
3,Agregados,Absorción de Agregado Fino – ASTM C128-25,CYCSA-RT-FM-22G,No acreditado,"ASTM C127 -25
ASTM C128 -25",900.0,CYCSA RG-LI-05
4,Agregados,Gravedad Específica y Absorción de Agregado Grueso – ASTM C127-25,CYCSA-RT-FM-22G,No acreditado,"ASTM C127 -25
ASTM C128 -25",2250.0,CYCSA RG-LI-05
5,Agregados,Gravedad Específica y Absorción de Agregado Fino – ASTM C128-25,CYCSA-RT-FM-22G,No acreditado,"ASTM C127 -25
ASTM C128 -25",2250.0,CYCSA RG-LI-05
6,Agregados,"Peso unitario PVSC, ASTM C29",CYCSA-RT-FM-22G,No acreditado,ASTM C29 / C29M-23,900.0,CYCSA RG-LI-05
7,Agregados,"Peso unitario PVSS, ASTM C29",CYCSA-RT-FM-22G,No acreditado,ASTM C29 / C29M-23,900.0,CYCSA RG-LI-05
8,Agregados,"Peso unitario PVSS, PVSC  ASTM C29",CYCSA-RT-FM-22G,No acreditado,ASTM C29 / C29M-23,1500.0,CYCSA RG-LI-05
9,Otros ensayos,"Abrasión Los Ángeles, ASTM C131/C535",N/A,No acreditado,C131 / C131 M-20                          ASTM C535,3000.0,CYCSA RG-LI-05
10,Agregados,Materia Orgánica en Agregado Fino (Colorimetría) – ASTM C40/C40M-26,CYCSA-RT-FM-22G,No acreditado,ASTM C140/C140M-26,950.0,CYCSA RG-LI-05
11,Agregados,"Granulometría agregados, ASTM C136/C117",CYCSA-RT-FM-22-F,Acreditado,ASTM C136 / C136M- 25                        ASTM C117-23,900.0,CYCSA RG-LI-05
12,Concreto,Resistencia a Compresión del Concreto – ASTM C39/C39M-23,CYCSA-RT-FM-22 A,Acreditado,ASTM C39/C39M-23,600.0,CYCSA RG-LI-05
13,Concreto,Diseño de Mezclas de Concreto – ACI 211,CYCSA-RT-FM-22 A,No acreditado,ACI 211,7400.0,CYCSA RG-LI-05
14,Concreto,Revenimiento del Concreto – ASTM C143/C143M-26a,CYCSA-RT-FM-22 A,Acreditado,ASTM C143/C143M- 26a,600.0,CYCSA RG-LI-05
15,Concreto,Muestreo de Concreto Fresco – ASTM C172,CYCSA-RT-FM-22 A,No acreditado,ASTM C172,600.0,CYCSA RG-LI-05
16,Suelo,CBR de Suelos en Laboratorio – ASTM D1883-21,CYCSA-RT-FM-22H,No acreditado,ASTM D 1883-21,2250.0,CYCSA RG-LI-05
17,Concreto,Número de Rebote del Concreto (Esclerómetro) – ASTM C805/C805M-25,CYCSA-RT-FM-22 D,No acreditado,ASTM C805/ C805M-25,1500.0,CYCSA RG-LI-05
18,Suelo,Contenido de Humedad en Suelos – ASTM D2216-19,CYCSA-RT-FM-22-F,Acreditado,ASTM C 2216-19,800.0,CYCSA RG-LI-05
19,Suelo,Gravedad Específica de Suelos (Picnómetro) – ASTM D854-23,CYCSA-RT-FM-22G,No acreditado,ASTM D854-23,1500.0,CYCSA RG-LI-05
20,Suelo,Granulometría de Suelos – ASTM D6913/D6913M-17 (2025),CYCSA-RT-FM-22F,Acreditado,ASTM D6913/ D6913 M-17 (2025),900.0,CYCSA RG-LI-05
21,Suelo,Límites de Atterberg de Suelos – ASTM D4318-17e1,CYCSA-RT-FM-22 F,Acreditado,ASTM D4318-17e1,1500.0,CYCSA RG-LI-05
22,Suelo,Compactación de Suelos (Proctor Estándar) – ASTM D698-12 (Reapproved 2021),CYCSA-RT-FM-22 C,Acreditado,"ASTM D698-12
(Reappoved 2021)",1300.0,CYCSA RG-LI-05
23,Suelo,Compactación de Suelos (Proctor Modificado) – ASTM D698-12 (Reapproved 2021),CYCSA-RT-FM-22 C,Acreditado,"ASTM D1557-12
(Reappoved 2021)",1300.0,CYCSA RG-LI-05
24,concreto,Detección de Acero en Concreto (Ferroscan),No acreditado,No acreditado,No acreditado,22200.0,CYCSA RG-LI-05
25,Suelo,Densidad In Situ por Cono de Arena – ASTM D1556/D1556M-24,CYCSA-RT-FM-22 B,No acreditado,ASTM D 1556/ D1556M-24,1300.0,CYCSA RG-LI-05
26,Suelo,"SPT y Muestreo de Suelos (Barril y Shelby) – ASTM D1586/D1586M-18e1, ASTM D1587/D1587M-15",CYCSA-RT-FM-22 C,No acreditado,"ASTM D1586 / D1586M -18e1
ASTM D1587 / D1587M-15",3700.0,CYCSA RG-LI-05
27,Suelo,Clasificación de Suelos (SUCS) – ASTM D2487-17,CYCSA-RT-FM-22F,No acreditado,ASTM D 2487 -17,800.0,CYCSA RG-LI-05
28,Suelo,Ensayo de Infiltración en Suelos (Porchet),CYCSA-RT-FM-22A,No acreditado,No acreditado,7400.0,CYCSA RG-LI-05
29,Suelo,Densidad y Humedad In Situ (Densímetro Nuclear) – ASTM D6938-23,CYCSA-RT-FM-22 B,Acreditado,ASTM D6938-23,1300.0,CYCSA RG-LI-05
30,Concreto,Temperatura del Concreto Fresco – ASTM C1064/C1064M-23,CYCSA-RT-FM-22 A,Acreditado,ASTM C1064M/C1064M-23,600.0,CYCSA RG-LI-05
31,Otros ensayos,"Espesor de Concreto mediante Núcleos – ASTM C174/C174M, ASTM C42, ASTM C39",N/A,No acreditado,ASTM C 174/C174M                         ASTM C39       ASTM C42,4500.0,CYCSA RG-LI-05
32,Concreto,Resistencia a Flexión del Concreto (Tercer Punto) – ASTM C78/C78M-22,CYCSA-RT-FM-22-E,Acreditado,ASTM C78/C78M-22,800.0,CYCSA RG-LI-05
33,Concreto,Resistencia de Bloques– ASTM C140/C140M-24,CYCSA-RT-FM-22 A,Acreditado,ASTM-C140/C140M-24,2000.0,CYCSA RG-LI-05
34,Concreto,Resistencia de Adoquines– ASTM C140/C140M-24,CYCSA-RT-FM-22 A,Acreditado,ASTM-C140/C140M-23,2000.0,CYCSA RG-LI-05
35,Concreto,Preparación de Muestras de Suelos – ASTM D421,N/A,No acreditado,ASTM-D421,900.0,CYCSA RG-LI-05
36,Concreto,Contenido de Aire en Concreto Fresco (Presión) – ASTM C231/C231M-14,No acreditado,No acreditado,ASTM C231/C231M-14,1500.0,CYCSA RG-LI-05
37,Concreto,Contenido de Aire en Concreto Fresco (Volumétrico) – ASTM C173/C173M,No acreditado,No acreditado,ASTM C173/C173M,1500.0,CYCSA RG-LI-05
38,Concreto,Flujo de Revenimiento del Concreto Autoconsolidante – ASTM C1611/C1611M-21,CYCSA-RT-FM-22 A,No acreditado,ASTM C1611/C1611M-21,900.0,CYCSA RG-LI-05
39,Otros ensayos,"Doblado de Barras de Refuerzo – ASTM A706/A706M-22a, ASTM A615/A615M-22",N/A,No acreditado,"A706 / A706 M-22a
A615 / A615 M-22",2250.0,CYCSA RG-LI-05
40,Otros ensayos,Valor de Azul de Metileno en Agregados Finos – AASHTO T 330,N/A,No acreditado,(Norma de referencia AASHTO T 330),1850.0,CYCSA RG-LI-05
41,Otros ensayos,Compresión Uniaxial en Roca – ASTM D7012-23,N/A,No acreditado,ASTM D7012-23,2800.0,CYCSA RG-LI-05
42,Otros ensayos,Grumos de Arcilla en Agregados – ASTM C142/C142M-25,N/A,No acreditado,C142 / C142 M-25,1900.0,CYCSA RG-LI-05
43,Otros ensayos,Partículas Planas y Alargadas en Agregado Grueso – ASTM D4791-23,N/A,No acreditado,ASTM D4791-23,600.0,CYCSA RG-LI-05
44,Suelo,"Densidad In Situ por Reemplazo de Agua – ASTM D5030/D5030M-21, ENTP 339.183-2002",N/A,No acreditado,"ASTM D5030 M-21
ENTP 339.183-2002",2250.0,CYCSA RG-LI-05
45,Otros ensayos,Líquidos Penetrantes en Soldadura – ASTM E165/E165M-23,N/A,No acreditado,E165/E165M−23,2000.0,CYCSA RG-LI-05
46,,Determinación de la permeabilidad in situ por método Lefranc (NF P 94-132),N/A,No acreditado,,7400.0,CYCSA RG-LI-05
47,Suelo,Penetrómetro de Cono Dinámico (DCP) – ASTM D6951/D6951M-18 (2023),N/A,No acreditado,D6951/D6951M-18 (2023),4800.0,CYCSA RG-LI-05
48,Otros ensayos,Equivalente de Arena en Suelos y Agregados Finos – ASTM D2419-22,CYCSA-RT-FM-22 A,No acreditado,ASTM D-2419-22,2250.0,CYCSA RG-LI-05
49,Otros ensayos,Espesor de Película Seca en Recubrimientos No Magnéticos sobre Base Ferrosa – ASTM D1186-01,N/A,No acreditado,ASTM D1186-01,2250.0,CYCSA RG-LI-05
50,Otros ensayos,Solidez de Agregados (Sulfato de Sodio o Magnesio) – ASTM C88/C88M-24,CYCSA-RT-FM-22-F,No acreditado,ASTM C88 / C88M -24,4500.0,CYCSA RG-LI-05
51,suelo,Corte Directo en Suelos (Consolidado Drenado) – ASTM D3080/D3080M-23,N/A,No acreditado,ASTM D2435/ D2435M-11,15000.0,CYCSA RG-LI-05
52,Otros ensayos,Corte Directo en Suelos (Consolidado Drenado) – ASTM D3080/D3080M-23,N/A,No acreditado,ASTM D3080/ D3080M-23,5500.0,CYCSA RG-LI-05
53,mortero,Resistencia a Compresión de Morteros – ASTM C109/C109M-24,N/A,No acreditado,ASTM C109/C109 M- 24,600.0,CYCSA RG-LI-05
54,Otros ensayos,Resistencia a Compresión de Suelo-Cemento – ASTM D1633-17,CYCSA-RT-FM-22 A,No acreditado,ASTM D1633-17,600.0,CYCSA RG-LI-05
55,Concreto,"Densidad, Absorción y Vacíos en Concreto Endurecido – ASTM C642",N/A,No acreditado,ASTM C642,900.0,CYCSA RG-LI-05
56,,"Tracción de materiales metálicos (  Muestra de varilla #3) 
ASTM E8/E8M (ref. ASTM A370)",,No acreditado,,4250.0,CYCSA RG-LI-05
57,,"Tracción de materiales metálicos (  Muestra de varilla #4) 
ASTM E8/E8M (ref. ASTM A370)",,No acreditado,,4250.0,CYCSA RG-LI-05
58,,"Tracción de materiales metálicos (  Muestra de varilla #5) 
ASTM E8/E8M (ref. ASTM A370)",,No acreditado,,4700.0,CYCSA RG-LI-05
59,,"Tracción de materiales metálicos (  Muestra de varilla #6) 
ASTM E8/E8M (ref. ASTM A370)",,No acreditado,,4700.0,CYCSA RG-LI-05
60,,"Tracción de materiales metálicos (  Muestra de varilla #7) 
ASTM E8/E8M (ref. ASTM A370)",,No acreditado,,6700.0,CYCSA RG-LI-05
61,,"Tracción de materiales metálicos (  Muestra de varilla #8) 
ASTM E8/E8M (ref. ASTM A370)",,No acreditado,,6700.0,CYCSA RG-LI-05
62,Movilización,Movilización Managua Urbano,CYCSA-026-1,No acreditado,N/A,2300.0,CYCSA RG-LI-05
63,Movilización,Movilización hacia Santa Rosa.,CYCSA-026-10,No acreditado,N/A,3700.0,CYCSA RG-LI-05
64,Movilización,Movilización hacia  El Sauce.,CYCSA-026-11,No acreditado,N/A,3700.0,CYCSA RG-LI-05
65,Movilización,Movilización hacia Rivas,CYCSA-026-12,No acreditado,N/A,3700.0,CYCSA RG-LI-05
66,Movilización,Movilización hacia Granada.,CYCSA-026-13,No acreditado,N/A,3700.0,CYCSA RG-LI-05
67,Movilización,Movilización hacia  Pueblos Blancos,CYCSA-026-14,No acreditado,N/A,3700.0,CYCSA RG-LI-05
68,Movilización,Movilización hacia  Masaya.,CYCSA-026-15,No acreditado,N/A,3700.0,CYCSA RG-LI-05
69,Movilización,Movilización hacia Carazo.,CYCSA-026-16,No acreditado,N/A,3700.0,CYCSA RG-LI-05
70,Movilización,Movilización hacia Puerto Morazán.,CYCSA-026-17,No acreditado,N/A,5000.0,CYCSA RG-LI-05
71,Movilización,Movilización hacia Somotillo.,CYCSA-026-18,No acreditado,N/A,5000.0,CYCSA RG-LI-05
72,Movilización,Movilización hacia Chontales,CYCSA-026-19,No acreditado,N/A,5500.0,CYCSA RG-LI-05
73,Movilización,Movilización Chinandega-Urbano,CYCSA-026-2,No acreditado,N/A,2300.0,CYCSA RG-LI-05
74,Movilización,Movilización hacia Matagalpa.,CYCSA-026-20,No acreditado,N/A,5000.0,CYCSA RG-LI-05
75,Movilización,Movilización Jinotega.,CYCSA-026-21,No acreditado,N/A,5000.0,CYCSA RG-LI-05
76,Movilización,Movilización hacia Nueva Segovia.,CYCSA-026-22,No acreditado,N/A,5000.0,CYCSA RG-LI-05
77,Movilización,Movilización hacia Boaco,CYCSA-026-23,No acreditado,N/A,5000.0,CYCSA RG-LI-05
78,Movilización,Movilización hacia San Carlos.,CYCSA-026-24,No acreditado,N/A,11050.0,CYCSA RG-LI-05
79,Movilización,Movilización hacia  Bilwi.,CYCSA-026-25,No acreditado,N/A,11050.0,CYCSA RG-LI-05
80,Movilización,Movilización hacia Wiwilí,CYCSA-026-26,No acreditado,N/A,11050.0,CYCSA RG-LI-05
81,Movilización,Movilización hacia El Rama.,CYCSA-026-27,No acreditado,N/A,11050.0,CYCSA RG-LI-05
82,Movilización,Movilización hacia Nueva Guinea,CYCSA-026-28,No acreditado,N/A,11050.0,CYCSA RG-LI-05
83,Movilización,Movilización Tipitapa.,CYCSA-026-29,No acreditado,N/A,3000.0,CYCSA RG-LI-05
84,Movilización,Movilización  sitio carretera Potosí Km 142,CYCSA-026-3,No acreditado,N/A,3700.0,CYCSA RG-LI-05
85,Movilización,Movilización Waspam.,CYCSA-026-30,No acreditado,N/A,44200.0,CYCSA RG-LI-05
86,Movilización,Movilización hacia Región del Autónoma Atlántico Norte (RAAN).,CYCSA-026-31,No acreditado,N/A,44200.0,CYCSA RG-LI-05
87,Movilización,Movilización hacia Bonanza.,CYCSA-026-32,No acreditado,N/A,44200.0,CYCSA RG-LI-05
88,Movilización,Movilización a Puerto Sandino.,CYCSA-026-33,No acreditado,N/A,2250.0,CYCSA RG-LI-05
89,Movilización,Movilización hacia  Posoltega.,CYCSA-026-34,No acreditado,N/A,1900.0,CYCSA RG-LI-05
90,Movilización,Movilización hacia Nandaime.,CYCSA-026-35,No acreditado,N/A,3000.0,CYCSA RG-LI-05
91,Movilización,Movilización hacia Estelí (Urbano),CYCSA-026-36,No acreditado,N/A,5550.0,CYCSA RG-LI-05
92,Movilización,Movilización hacia mina El Limón.,CYCSA-026-37,No acreditado,N/A,2500.0,CYCSA RG-LI-05
93,Movilización,Movilización hacia León.,CYCSA-026-38,No acreditado,N/A,1300.0,CYCSA RG-LI-05
94,Movilización,Movilización hacia Peñas Blancas.,CYCSA-026-39,No acreditado,N/A,18000.0,CYCSA RG-LI-05
95,Movilización,Movilización Km 139 carretera a Corinto,CYCSA-026-4,No acreditado,N/A,2600.0,CYCSA RG-LI-05
96,Movilización,Movilización ciudad de Managua.,CYCSA-026-40,No acreditado,N/A,1500.0,CYCSA RG-LI-05
97,Movilización,Movilización hacia Corinto.,CYCSA-026-41,No acreditado,N/A,2600.0,CYCSA RG-LI-05
98,Movilización,"Carretera León-San Isidro, San Jacinto Tizate.",CYCSA-026-5,No acreditado,N/A,2000.0,CYCSA RG-LI-05
99,Concreto,Movilización Telica-León,CYCSA-026-6,No acreditado,N/A,2000.0,CYCSA RG-LI-05
100,Otros ensayos,Movilización hacia San Juan del Sur.,CYCSA-026-7,No acreditado,N/A,11050.0,CYCSA RG-LI-05
101,Suelo,Movilización hacia Ocotal,CYCSA-026-8,No acreditado,ASTM D558 / D558M - 19                       ASTM D1633-17,7200.0,CYCSA RG-LI-05
102,Otros ensayos,Movilización hacia Achuapa.,CYCSA-026-9,No acreditado,"A706 / A706 M-25
A615 / A615 M-25",3700.0,CYCSA RG-LI-05
103,Otros ensayos,,,No acreditado,,0.0,CYCSA RG-LI-05
104,Otros ensayos,,,No acreditado,,0.0,CYCSA RG-LI-05
105,Barro,,,No acreditado,,0.0,CYCSA RG-LI-05
106,Otros ensayos,,,No acreditado,,0.0,CYCSA RG-LI-05
107,Suelo,,,No acreditado,,0.0,CYCSA RG-LI-05
108,Suelo,,,No acreditado,,0.0,CYCSA RG-LI-05
109,Otros ensayos,,,No acreditado,,0.0,CYCSA RG-LI-05
110,Suelos,,,No acreditado,,0.0,CYCSA RG-LI-05
111,Otros ensayos,,,No acreditado,,0.0,CYCSA RG-LI-05
CYCSA-001,N/A,Diseño de Mezcla de Suelo-Cemento,CYCSA-001,No acreditado,N/A,7400.0,CYCSA-LISTA DE PRECIOS 18052026
CYCSA-001-1,N/A,Diseño de mezcla de Lodocreto.,CYCSA-001-1,No acreditado,N/A,7400.0,CYCSA-LISTA DE PRECIOS 18052026
CYCSA-001-2,N/A,Diseño de mezcla de mortero.,CYCSA-001-2,No acreditado,N/A,7400.0,CYCSA-LISTA DE PRECIOS 18052026
CYCSA-002,N/A,Método de prueba estándar para la determinación de la dureza de la roca mediante el método del martillo de rebote,CYCSA-002,No acreditado,N/A,1500.0,CYCSA-LISTA DE PRECIOS 18052026
CYCSA-003,N/A,CYCSA-Método de prueba estándar para la relación de carga de california (CBR) de suelos compactados en laboratorio.,CYCSA-003,No acreditado,N/A,2250.0,CYCSA-LISTA DE PRECIOS 18052026
CYCSA-005,N/A,Métodos de prueba estándar para la densidad del suelo y los materiales rocosos in situ mediante el método de reemplazo de agua en un pozo de prueba compactación por reemplazo de agua.,CYCSA-005,No acreditado,N/A,2250.0,CYCSA-LISTA DE PRECIOS 18052026
CYCSA-006,N/A,CYCSA-PE-03- Determinación de los pesos unitarios seco sueltos y seco compacto de los agregados gruesos y finos.  ( PVSS y PVSC ).,CYCSA-006,No acreditado,N/A,1500.0,CYCSA-LISTA DE PRECIOS 18052026
CYCSA-007,N/A,Métodos de prueba estándar para índice de densidad mínimo y peso unitario de suelos y cálculo de densidad relativa (Densidad Mínima-Densidad Máxima),CYCSA-007,No acreditado,N/A,1500.0,CYCSA-LISTA DE PRECIOS 18052026
CYCSA-010,N/A,"CYCSA-Método de prueba estándar para partículas planas, partículas alargadas o partículas planas y alargadas en agregado grueso   (Alargamiento ó aplastamiento)",CYCSA-010,No acreditado,N/A,1200.0,CYCSA-LISTA DE PRECIOS 18052026
CYCSA-013,N/A,Método de prueba estándar para determinar el porcentaje de partículas fracturadas en agregado grueso (caras fracturadas),CYCSA-013,No acreditado,N/A,1150.0,CYCSA-LISTA DE PRECIOS 18052026
CYCSA-014,N/A,CYCSA-Tracción indirecta en roca,CYCSA-014,No acreditado,N/A,5550.0,CYCSA-LISTA DE PRECIOS 18052026
CYCSA-015,N/A,Práctica estándar para pruebas de líquidos penetrantes para la industria general.,CYCSA-015,No acreditado,N/A,2000.0,CYCSA-LISTA DE PRECIOS 18052026
CYCSA-016,N/A,Ensayos de tensión en placas de acero,CYCSA-016,No acreditado,N/A,7400.0,CYCSA-LISTA DE PRECIOS 18052026
CYCSA-017,N/A,ENSAYOS DE ESPESOR DE PINTURA,CYCSA-017,No acreditado,N/A,2000.0,CYCSA-LISTA DE PRECIOS 18052026
CYCSA-018,N/A,"Determinación de sales solubles (cloruros, sulfatos y sales totales)",CYCSA-018,No acreditado,N/A,4300.0,CYCSA-LISTA DE PRECIOS 18052026
CYCSA-019,N/A,Método de prueba estándar para grumos de arcilla y partículas desmezurable en agregados,CYCSA-019,No acreditado,N/A,1900.0,CYCSA-LISTA DE PRECIOS 18052026
CYCSA-020,N/A,CYCSA-Contenido de Cloruros solubles en agua,CYCSA-020,No acreditado,N/A,7400.0,CYCSA-LISTA DE PRECIOS 18052026
CYCSA-021,N/A,CYCSA-Contenido de sulfatos solubles en suelo o agua subterránea,CYCSA-021,No acreditado,N/A,7400.0,CYCSA-LISTA DE PRECIOS 18052026
CYCSA-022,N/A,"Laboratorio para realizar Ensayos CYCSA-PE-27“Procedimiento para la Determinación de Temperatura en el concreto fresco”,  CYCSA-PE-09 ""Determinación del Revenimiento del Concreto"" y CYCSA-PE-07“Determinación de la resistencia del concreto” 4 cilindros.",CYCSA-022,No acreditado,N/A,5550.0,CYCSA-LISTA DE PRECIOS 18052026
CYCSA-022-3CILIDNROS,N/A,"Laboratorio para realizar Ensayos, CYCSA-PE-27“Procedimiento para la Determinación de Temperatura en el concreto fresco”, CYCSA-PE-09 ""Determinación del Revenimiento del Concreto"" y CYCSA-PE-07“Determinación de la resistencia del concreto” 3 cilindros.",CYCSA-022-3CILIDNROS,No acreditado,N/A,4800.0,CYCSA-LISTA DE PRECIOS 18052026
CYCSA-022-DIA,N/A,"Laboratorio por día   CYCSA-PE-27“Procedimiento para la Determinación de Temperatura en el concreto fresco”, CYCSA-PE-09 ""Determinación del Revenimiento del Concreto"" y CYCSA-PE-07“Determinación de la resistencia del concreto” 12 cilindros .",CYCSA-022-DIA,No acreditado,N/A,5550.0,CYCSA-LISTA DE PRECIOS 18052026
CYCSA-023,N/A,Muestreo de ladrillos,CYCSA-023,No acreditado,N/A,600.0,CYCSA-LISTA DE PRECIOS 18052026
CYCSA-024,N/A,Muestreo de agregados,CYCSA-024,No acreditado,N/A,600.0,CYCSA-LISTA DE PRECIOS 18052026
CYCSA-025,N/A,"Preparación de muestras (Suelo, Agregado, Adoquín, Bloque, Concreto)",CYCSA-025,No acreditado,N/A,900.0,CYCSA-LISTA DE PRECIOS 18052026
CYCSA-026-EXONERADO,N/A,Movilización exonerada.,CYCSA-026-EXONERADO,No acreditado,N/A,0.0,CYCSA-LISTA DE PRECIOS 18052026
CYCSA-027,N/A,Canon de arrendamientos.,CYCSA-027,No acreditado,N/A,3700.0,CYCSA-LISTA DE PRECIOS 18052026
CYCSA-028,N/A,"Laboratorio por día,   ( Jornada  diurna ordinaria, no mayor a 8 horas , máximo de ensayos a realizar  6  ) CYCSA-PE-25 “Método estándar para la determinación de densidad in situ y contenido de agua (densímetro nuclear)”",CYCSA-028,No acreditado,N/A,5900.0,CYCSA-LISTA DE PRECIOS 18052026
CYCSA-028-PUNTUAL 3,N/A,Servicio de laboratorio puntual para realizar máximo 3 ensayos CYCSA-PE-25 “Método estándar para la determinación de densidad in situ y contenido de agua (densímetro nuclear)”,CYCSA-028-PUNTUAL 3,No acreditado,N/A,4400.0,CYCSA-LISTA DE PRECIOS 18052026
CYCSA-028-PUNTUAL 4,N/A,Servicio de laboratorio puntual para realizar máximo 4 ensayos  CYCSA-PE-25 “Método estándar para la determinación de densidad in situ y contenido de agua (densímetro nuclear)”,CYCSA-028-PUNTUAL 4,No acreditado,N/A,5200.0,CYCSA-LISTA DE PRECIOS 18052026
CYCSA-029,N/A,Servicio por mes para ensayo CYCSA-PE-25 “Método estándar para la determinación de densidad in situ y contenido de agua (densímetro nuclear)” Y CYCSA-PE-18 Determinación de las características de compactación del suelo por el método Proctor Estándar,CYCSA-029,No acreditado,N/A,132500.0,CYCSA-LISTA DE PRECIOS 18052026
CYCSA-030,N/A,Permeabilidad de Pared Flexible  (K),CYCSA-030,No acreditado,N/A,10500.0,CYCSA-LISTA DE PRECIOS 18052026
CYCSA-031,N/A,Ensayo de Expansión (Exp).,CYCSA-031,No acreditado,N/A,0.0,CYCSA-LISTA DE PRECIOS 18052026
CYCSA-032,N/A,"Toma de muestra,  vigueta de concreto.",CYCSA-032,No acreditado,N/A,800.0,CYCSA-LISTA DE PRECIOS 18052026
CYCSA-033,N/A,"Toma de muestra ,  cilindro  de concreto.",CYCSA-033,No acreditado,N/A,600.0,CYCSA-LISTA DE PRECIOS 18052026
CYCSA-034,N/A,Estudio Geológico,CYCSA-034,No acreditado,N/A,0.0,CYCSA-LISTA DE PRECIOS 18052026
CYCSA-035,N/A,Estudio Hidrogeológico.,CYCSA-035,No acreditado,N/A,0.0,CYCSA-LISTA DE PRECIOS 18052026
CYCSA-036,N/A,Sondeos manuales a un metro de profundidad ( Extracción de 2 muestras  0 a 50 cm y de  50cm a 100 cm),CYCSA-036,No acreditado,N/A,5550.0,CYCSA-LISTA DE PRECIOS 18052026
CYCSA-037,N/A,Diseño de carpeta de rodamiento en asfalto y concreto.,CYCSA-037,No acreditado,N/A,11100.0,CYCSA-LISTA DE PRECIOS 18052026
CYCSA-038,N/A,"Informe de  estudio geotécnico, conclusiones y recomendaciones.",CYCSA-038,No acreditado,N/A,3700.0,CYCSA-LISTA DE PRECIOS 18052026
CYCSA-039,N/A,"Infiltración, ensayo de permeabilidad Lefranc + informe.",CYCSA-039,No acreditado,N/A,7400.0,CYCSA-LISTA DE PRECIOS 18052026
CYCSA-GRANITO,Sin categoría.,Plancha de Granito.,CYCSA-GRANITO,No acreditado,N/A,0.0,CYCSA-LISTA DE PRECIOS 18052026
CYCSA-MO PROYECTOS,N/A,CYCSA-SERVICIO DE MANO DE OBRA,CYCSA-MO PROYECTOS,No acreditado,N/A,0.0,CYCSA-LISTA DE PRECIOS 18052026
CYCSA-MO PROYECTOS E,N/A,CYCSA-MO PROYECTOS E,CYCSA-MO PROYECTOS E,No acreditado,N/A,0.0,CYCSA-LISTA DE PRECIOS 18052026
CYCSA-PE-01,N/A,"CYCSA-PE-01  ""Determinación de la Humedad en  muestras de agregados""",CYCSA-PE-01,No acreditado,N/A,900.0,CYCSA-LISTA DE PRECIOS 18052026
CYCSA-PE-01-1,N/A,CYCSA-PE-07 Determinación de la resistencia  del concreto (Núcleos ),CYCSA-PE-01-1,No acreditado,N/A,900.0,CYCSA-LISTA DE PRECIOS 18052026
CYCSA-PE-02,N/A,Método de prueba estándar para densidad relativa (gravedad específica) y absorción de agregado fino y gruesos (% de absorción),CYCSA-PE-02,No acreditado,N/A,900.0,CYCSA-LISTA DE PRECIOS 18052026
CYCSA-PE-02.,N/A,"Método de prueba estándar para densidad relativa (gravedad específica) y absorción de agregado fino y gruesos (Gravedad GE, GE SSS, GE AP)",CYCSA-PE-02.,No acreditado,N/A,2250.0,CYCSA-LISTA DE PRECIOS 18052026
CYCSA-PE-02-R,N/A,Método de prueba estándar para densidad relativa (gravedad específica) y absorción de agregado  gruesos    (% de Absorción) en roca.,CYCSA-PE-02-R,No acreditado,N/A,900.0,CYCSA-LISTA DE PRECIOS 18052026
CYCSA-PE-03..,N/A,CYCSA-PE-03- Determinación de los pesos unitarios seco sueltos y seco compacto  ( PVSC ),CYCSA-PE-03..,No acreditado,N/A,900.0,CYCSA-LISTA DE PRECIOS 18052026
CYCSA-PE-03 PVSS Y PVSC,N/A,CYCSA-PE-03- Determinación de los pesos unitarios seco sueltos y seco compacto de los  suelos  ( PVSS y PVSC ).,CYCSA-PE-03 PVSS Y PVSC,No acreditado,N/A,1500.0,CYCSA-LISTA DE PRECIOS 18052026
CYCSA-PE-03-PVSS,N/A,CYCSA-PE-03- Determinación de los pesos unitarios seco sueltos y seco compacto  ( PVSS ),CYCSA-PE-03-PVSS,No acreditado,N/A,900.0,CYCSA-LISTA DE PRECIOS 18052026
CYCSA-PE-04,N/A,"CYCSA-PE-04 Determinación de la resistencia al desgaste, del agregado grueso de tamaño hasta de 37.5 mm (1½ pulg), por abrasión e impacto en la Máquina de Los Ángeles)  Abrasión de los ángeles",CYCSA-PE-04,No acreditado,N/A,3000.0,CYCSA-LISTA DE PRECIOS 18052026
CYCSA-PE-05,N/A,CYCSA-PE-05- Determinación de materia orgánica en los agregados  (Colorimetría).,CYCSA-PE-05,No acreditado,N/A,950.0,CYCSA-LISTA DE PRECIOS 18052026
CYCSA-PE-06,N/A,CYCSA-PE-06 -Determinación del Análisis Granulométrico de los Agregados  Gruesos y Finos.,CYCSA-PE-06,No acreditado,N/A,900.0,CYCSA-LISTA DE PRECIOS 18052026
CYCSA-PE-06-1,N/A,Módulo de finura de los agregados gruesos y finos.,CYCSA-PE-06-1,No acreditado,N/A,900.0,CYCSA-LISTA DE PRECIOS 18052026
CYCSA-PE-07,N/A,CYCSA-PE-07 Determinación de la resistencia  del concreto.,CYCSA-PE-07,No acreditado,N/A,600.0,CYCSA-LISTA DE PRECIOS 18052026
CYCSA-PE-08,N/A,CYCSA-PE-08 Procedimiento para la Dosificación y Fabricación de Mezclas de Concreto (diseño),CYCSA-PE-08,No acreditado,N/A,7400.0,CYCSA-LISTA DE PRECIOS 18052026
CYCSA-PE-10,N/A,CYCSA-PE-10 Procedimiento para la toma de muestras de Concreto.,CYCSA-PE-10,No acreditado,N/A,600.0,CYCSA-LISTA DE PRECIOS 18052026
CYCSA-PE-11,N/A,CYCSA-PE-11 Método de prueba estándar para la relación de rodamiento de california (C.B.R) de los suelos compactos en laboratorio,CYCSA-PE-11,No acreditado,N/A,2250.0,CYCSA-LISTA DE PRECIOS 18052026
CYCSA-PE-11-1,N/A,"Ensayo de DCP In situ mas informe de resultados. CYCSA- PE-16 ""Determinación del Análisis Granulométrico de  suelos"". CYCSA-PE-17 "" Determinación de los Límites de consistencia o de Atterberg de los suelos"" y CYCSA-PE-23 Clasificación SUCS.",CYCSA-PE-11-1,No acreditado,N/A,4800.0,CYCSA-LISTA DE PRECIOS 18052026
CYCSA-PE-12,N/A,CYCSA-PE-12 Método de prueba estándar del número de rebote para concreto endurecido (Martillo Suizo),CYCSA-PE-12,No acreditado,N/A,1500.0,CYCSA-LISTA DE PRECIOS 18052026
CYCSA-PE-13,N/A,"CYCSA-PE-13  ""Determinación del contenido de Humedad en muestras de suelos""",CYCSA-PE-13,No acreditado,N/A,800.0,CYCSA-LISTA DE PRECIOS 18052026
CYCSA-PE-14,N/A,CYCSA-PE-14-Métodos de prueba estándar para la gravedad específica de los sólidos del suelo por picnómetro de agua (Gravedad Especifica),CYCSA-PE-14,No acreditado,N/A,1500.0,CYCSA-LISTA DE PRECIOS 18052026
CYCSA-PE-16,N/A,"CYCSA-PE-16 ""Determinación del Análisis Granulométrico de suelos""",CYCSA-PE-16,No acreditado,N/A,900.0,CYCSA-LISTA DE PRECIOS 18052026
CYCSA-PE-18,N/A,CYCSA-PE-18 Determinación de las características de compactación del suelo por el método Proctor Estándar y modificado.,CYCSA-PE-18,No acreditado,N/A,2600.0,CYCSA-LISTA DE PRECIOS 18052026
CYCSA-PE-18-1,N/A,CYCSA-PE-18 Determinación de las características de compactación del suelo por el método Proctor Estándar.,CYCSA-PE-18-1,No acreditado,N/A,1300.0,CYCSA-LISTA DE PRECIOS 18052026
CYCSA-PE-18-2,N/A,CYCSA-PE-18  Determinación de las características de compactación del suelo por el método proctor modificado,CYCSA-PE-18-2,No acreditado,N/A,1300.0,CYCSA-LISTA DE PRECIOS 18052026
CYCSA-PE-19,N/A,CYCSA-PE-19 -Ferroscan,CYCSA-PE-19,No acreditado,N/A,22200.0,CYCSA-LISTA DE PRECIOS 18052026
CYCSA-PE-20,N/A,CYCSA-PE-20 Método de prueba estándar para la densidad y el peso unitario del suelo in situ mediante el método del cono de arena.,CYCSA-PE-20,No acreditado,N/A,1300.0,CYCSA-LISTA DE PRECIOS 18052026
CYCSA-PE-21,N/A,CYCSA-PE-21 Método de prueba estándar para prueba de penetración estándar (SPT) y muestreo de suelos de barril dividido   (D1586)   (Sondeos Generales SPT),CYCSA-PE-21,No acreditado,N/A,3700.0,CYCSA-LISTA DE PRECIOS 18052026
CYCSA-PE-23,N/A,CYCSA-PE-23 Práctica estándar para la clasificación de suelos con fines de ingeniería (Sistema Unificado de Clasificación de Suelos)  (SUCS),CYCSA-PE-23,No acreditado,N/A,800.0,CYCSA-LISTA DE PRECIOS 18052026
CYCSA-PE-23.,Servicios no acreditados.,CYCSA-PE-23 Clasificación HBR.,CYCSA-PE-23.,No acreditado,N/A,20.0,CYCSA-LISTA DE PRECIOS 18052026
CYCSA-PE-24,N/A,CYCSA-PE-24 Ensayo de porchet (Velocidad de  infiltración del agua en el  suelo. ( Excavación la realiza el cliente ).,CYCSA-PE-24,No acreditado,N/A,7400.0,CYCSA-LISTA DE PRECIOS 18052026
CYCSA-PE-25.,N/A,CYCSA-PE-25 “Método estándar para la determinación  de densidad in situ y contenido de agua    ( densímetro nuclear)”,CYCSA-PE-25.,No acreditado,N/A,1300.0,CYCSA-LISTA DE PRECIOS 18052026
CYCSA-PE-25NA,N/A,CYCSA-PE-25 método estándar para la determinación de densidad insitu y contenido de agua (Densímetro Nuclear),CYCSA-PE-25NA,No acreditado,N/A,1300.0,CYCSA-LISTA DE PRECIOS 18052026
CYCSA-PE-27,N/A,CYCSA-PE-27 “Procedimiento para la Determinación de Temperatura en el concreto fresco”,CYCSA-PE-27,No acreditado,N/A,600.0,CYCSA-LISTA DE PRECIOS 18052026
CYCSA-PE-27 Y 09.,N/A,"Ensayos en concreto. CYCSA-PE-27-Procedimiento para la Determinación de Temperatura en el concreto fresco, CYCSA-PE-09  Determinación del Revenimiento del Concreto""",CYCSA-PE-27 Y 09.,No acreditado,N/A,1200.0,CYCSA-LISTA DE PRECIOS 18052026
CYCSA-PE-29,N/A,CYCSA-PE-29 Método de prueba estándar para medir el espesor de elementos de concreto utilizando núcleos de concreto perforados. ( Incluye extracción de muestra ),CYCSA-PE-29,No acreditado,N/A,4500.0,CYCSA-LISTA DE PRECIOS 18052026
CYCSA-PE-30,N/A,"CYCSA-PE-30 ""Método de ensayo estándar para determinar el esfuerzo de flexión del concreto (utilizando una viga simple con carga en el tercer punto)""",CYCSA-PE-30,No acreditado,N/A,800.0,CYCSA-LISTA DE PRECIOS 18052026
CYCSA-PE-32,N/A,"CYCSA-PE-32 ""Procedimiento para la determinación de la resistencia del Bloque y Adoquín"",",CYCSA-PE-32,No acreditado,N/A,2000.0,CYCSA-LISTA DE PRECIOS 18052026
CYCSA-PE-33,N/A,CYCSA-PE-33 Preparación de muestras analíticas de suelos para ensayos.,CYCSA-PE-33,No acreditado,N/A,900.0,CYCSA-LISTA DE PRECIOS 18052026
CYCSA-PE-35,N/A,Procedimiento contenido de aire del concreto recién mezclado mediante el método por presión,CYCSA-PE-35,No acreditado,N/A,1500.0,CYCSA-LISTA DE PRECIOS 18052026
CYCSA-PE-36,N/A,Procedimiento contenido de aire del concreto recién mezclado mediante el método volumétrico,CYCSA-PE-36,No acreditado,N/A,1500.0,CYCSA-LISTA DE PRECIOS 18052026
CYCSA-PE-37,N/A,Determinación del flujo de revenimiento del concreto autoconsolidante,CYCSA-PE-37,No acreditado,N/A,900.0,CYCSA-LISTA DE PRECIOS 18052026
CYCSA-PE-38,N/A,Especificación estándar para barras de acero de baja aleación lisas y corrugadas para refuerzo de hormigón (Ensayos de Doblez Simple),CYCSA-PE-38,No acreditado,N/A,2250.0,CYCSA-LISTA DE PRECIOS 18052026
CYCSA-PE-39,N/A,CYCSA-PE-39-Determinación del valor de azul de metileno en agregados finos.,CYCSA-PE-39,No acreditado,N/A,1850.0,CYCSA-LISTA DE PRECIOS 18052026
CYCSA-PE-40,N/A,CYCSA-PE-40 Métodos de prueba estándar para la resistencia a la compresión y los módulos elásticos de muestras de núcleos de roca intactos bajo diferentes estados de tensión y temperaturas  ( Compresión simple en roca. ),CYCSA-PE-40,No acreditado,N/A,2800.0,CYCSA-LISTA DE PRECIOS 18052026
CYCSA-PE-41-PH (-),N/A,"Sólidos Suspendidos Totales (MG/L), Sólidos Sediméntales (ML/L), aceites y grasas totales (MG/L), DBO (MG/L), DQO (MG/L), Nitrógeno Total (MG/L), Fósforo Total (MG/L), Coliformes Fecales y Totales",CYCSA-PE-41-PH (-),No acreditado,N/A,12000.0,CYCSA-LISTA DE PRECIOS 18052026
CYCSA-PE-42,N/A,"CYCSA-PE-42 Método de prueba estándar para partículas planas, partículas alargadas o partículas planas y alargadas en agregado grueso   (Alargamiento ó aplastamiento)",CYCSA-PE-42,No acreditado,N/A,600.0,CYCSA-LISTA DE PRECIOS 18052026
CYCSA-PE-46,N/A,CYCSA-PE-46 Métodos de prueba estándar para la densidad del suelo y los materiales rocosos in situ mediante el método de reemplazo de agua en un pozo de prueba Compactación por reemplazo de agua,CYCSA-PE-46,No acreditado,N/A,2250.0,CYCSA-LISTA DE PRECIOS 18052026
CYCSA-PE-47,N/A,CYCSA-PE-47 procedimiento de tinte penetrante para la  detección de defectos en la soldadura (ensayo no destructivo),CYCSA-PE-47,No acreditado,N/A,2000.0,CYCSA-LISTA DE PRECIOS 18052026
CYCSA-PE-49,N/A,CYCSA-PE-49 Método de prueba estándar para el uso del penetrómetro de cono dinámico en aplicaciones de pavimentos poco profundos(DCP),CYCSA-PE-49,No acreditado,N/A,4800.0,CYCSA-LISTA DE PRECIOS 18052026
CYCSA-PE-50,N/A,CYCSA-PE-50 Método de prueba estándar para el valor equivalente de arena de suelos y agregados finos (Equivalente de arena.),CYCSA-PE-50,No acreditado,N/A,2250.0,CYCSA-LISTA DE PRECIOS 18052026
CYCSA-PE-51,N/A,CYCSA-PE-51 Métodos de Prueba Estándar para Medición No Destructiva del Espesor de Película Seca de Recubrimientos No-Magnético Aplicado a una Base Ferrosa,CYCSA-PE-51,No acreditado,N/A,1900.0,CYCSA-LISTA DE PRECIOS 18052026
CYCSA-PE-52,N/A,CYCSA-PE-52 Método de prueba estándar para la solidez de los agregados mediante el uso de sulfato de sodio o sulfato de magnesio. (Intemperísmo Acelerado agregado grueso Durabilidad de sulfato en magnesio),CYCSA-PE-52,No acreditado,N/A,4500.0,CYCSA-LISTA DE PRECIOS 18052026
CYCSA-PE-54,N/A,CYCSA-PE-54 Método de Prueba Estándar para Propiedades de Consolidados Unidimensionalmente de Suelo Usando Carga Incremental,CYCSA-PE-54,No acreditado,N/A,15000.0,CYCSA-LISTA DE PRECIOS 18052026
CYCSA-PE-55,N/A,Método Prueba de Corte Directo de  Suelo en Consolidación Drenada Consolidada,CYCSA-PE-55,No acreditado,N/A,5500.0,CYCSA-LISTA DE PRECIOS 18052026
CYCSA-PE-57,N/A,CYCSA-PE-57 Método de prueba estándar para la resistencia a la compresión de morteros de cemento hidráulico (utilizando muestras cúbicas de 50 mm [2 in]),CYCSA-PE-57,No acreditado,N/A,600.0,CYCSA-LISTA DE PRECIOS 18052026
CYCSA-PE-57-1,N/A,Toma de muestras de cubos de mortero  y ensayo Método de prueba estándar para la resistencia a la compresión de morteros de cemento hidráulico (utilizando muestras cúbicas de 50 mm [2 in]) muestras de 3 cubos cada una.,CYCSA-PE-57-1,No acreditado,N/A,4800.0,CYCSA-LISTA DE PRECIOS 18052026
CYCSA-PE-58,N/A,CYCSA-PE-58 Métodos de prueba estándar para la resistencia a la compresión de cilindros de suelo-cemento moldeados.,CYCSA-PE-58,No acreditado,N/A,600.0,CYCSA-LISTA DE PRECIOS 18052026
CYCSA-PE-59,N/A,"CYCSA-PE-59 Determinación de la densidad, la absorción de agua y los vacíos en el concreto endurecido.",CYCSA-PE-59,No acreditado,N/A,900.0,CYCSA-LISTA DE PRECIOS 18052026
CYCSA-PE-61,N/A,CYCSA-PE-61 Métodos de pruebas estándar de tensión para  materiales metálicos. ( Muestra de varillas #3),CYCSA-PE-61,No acreditado,N/A,4250.0,CYCSA-LISTA DE PRECIOS 18052026
CYCSA-PE-61-1,N/A,CYCSA-PE-61 Métodos de pruebas estándar de tensión para materiales metálicos. ( Muestra de varillas #4 ),CYCSA-PE-61-1,No acreditado,N/A,4250.0,CYCSA-LISTA DE PRECIOS 18052026
CYCSA-PE-61-2,N/A,CYCSA-PE-61 Métodos de pruebas estándar de tensión para materiales metálicos. ( Muestra de varillas #5 ),CYCSA-PE-61-2,No acreditado,N/A,4700.0,CYCSA-LISTA DE PRECIOS 18052026
CYCSA-PE-61-3,N/A,CYCSA-PE-61 Métodos de pruebas estándar de tensión para materiales metálicos. ( Muestra de varillas #6 ),CYCSA-PE-61-3,No acreditado,N/A,4700.0,CYCSA-LISTA DE PRECIOS 18052026
CYCSA-PE-61-4,N/A,CYCSA-PE-61 Métodos de pruebas estándar de tensión para materiales metálicos. ( Muestra de varillas #7 ),CYCSA-PE-61-4,No acreditado,N/A,6700.0,CYCSA-LISTA DE PRECIOS 18052026
CYCSA-PE-61-5,N/A,CYCSA-PE-61 Métodos de pruebas estándar de tensión para materiales metálicos. ( Muestra de varillas #8 ),CYCSA-PE-61-5,No acreditado,N/A,6700.0,CYCSA-LISTA DE PRECIOS 18052026
LAB-001,N/A,Servicio de Laboratorio  proyecto Sistema de Alcantarillado Sanitario Chinandega.,LAB-001,No acreditado,N/A,106210.47,CYCSA-LISTA DE PRECIOS 18052026
LAB-002,N/A,Servicio de Laboratorio proyecto Rehabilitación de Aeropuertos de la Costa Caribe Sur,LAB-002,No acreditado,N/A,0.0,CYCSA-LISTA DE PRECIOS 18052026
