codigo,producto,categoria,precio
CYCSA-001,Diseño de Mezcla de Suelo-Cemento,N/A,7400.0
CYCSA-001-1,Diseño de mezcla de Lodocreto.,N/A,7400.0
CYCSA-001-2,Diseño de mezcla de mortero.,N/A,7400.0
CYCSA-002,Método de prueba estándar para la determinación de la dureza de la roca mediante el método del martillo de rebote,N/A,1500.0
CYCSA-003,CYCSA-Método de prueba estándar para la relación de carga de california (CBR) de suelos compactados en laboratorio.,N/A,2250.0
CYCSA-005,Métodos de prueba estándar para la densidad del suelo y los materiales rocosos in situ mediante el método de reemplazo de agua en un pozo de prueba compactación por reemplazo de agua.,N/A,2250.0
CYCSA-006,CYCSA-PE-03- Determinación de los pesos unitarios seco sueltos y seco compacto de los agregados gruesos y finos.  ( PVSS y PVSC ).,N/A,1500.0
CYCSA-007,Métodos de prueba estándar para índice de densidad mínimo y peso unitario de suelos y cálculo de densidad relativa (Densidad Mínima-Densidad Máxima),N/A,1500.0
CYCSA-010,"CYCSA-Método de prueba estándar para partículas planas, partículas alargadas o partículas planas y alargadas en agregado grueso   (Alargamiento ó aplastamiento)",N/A,1200.0
CYCSA-013,Método de prueba estándar para determinar el porcentaje de partículas fracturadas en agregado grueso (caras fracturadas),N/A,1150.0
CYCSA-014,CYCSA-Tracción indirecta en roca,N/A,5550.0
CYCSA-015,Práctica estándar para pruebas de líquidos penetrantes para la industria general.,N/A,2000.0
CYCSA-016,Ensayos de tensión en placas de acero,N/A,7400.0
CYCSA-017,ENSAYOS DE ESPESOR DE PINTURA,N/A,2000.0
CYCSA-018,"Determinación de sales solubles (cloruros, sulfatos y sales totales)",N/A,4300.0
CYCSA-019,Método de prueba estándar para grumos de arcilla y partículas desmezurable en agregados,N/A,1900.0
CYCSA-020,CYCSA-Contenido de Cloruros solubles en agua,N/A,7400.0
CYCSA-021,CYCSA-Contenido de sulfatos solubles en suelo o agua subterránea,N/A,7400.0
CYCSA-022,"Laboratorio para realizar Ensayos CYCSA-PE-27“Procedimiento para la Determinación de Temperatura en el concreto fresco”,  CYCSA-PE-09 ""Determinación del Revenimiento del Concreto"" y CYCSA-PE-07“Determinación de la resistencia del concreto” 4 cilindros.",N/A,5550.0
CYCSA-022-3CILIDNROS,"Laboratorio para realizar Ensayos, CYCSA-PE-27“Procedimiento para la Determinación de Temperatura en el concreto fresco”, CYCSA-PE-09 ""Determinación del Revenimiento del Concreto"" y CYCSA-PE-07“Determinación de la resistencia del concreto” 3 cilindros.",N/A,4800.0
CYCSA-022-DIA,"Laboratorio por día   CYCSA-PE-27“Procedimiento para la Determinación de Temperatura en el concreto fresco”, CYCSA-PE-09 ""Determinación del Revenimiento del Concreto"" y CYCSA-PE-07“Determinación de la resistencia del concreto” 12 cilindros .",N/A,5550.0
CYCSA-023,Muestreo de ladrillos,N/A,600.0
CYCSA-024,Muestreo de agregados,N/A,600.0
CYCSA-025,"Preparación de muestras (Suelo, Agregado, Adoquín, Bloque, Concreto)",N/A,900.0
CYCSA-026,Movilización,N/A,0.0
CYCSA-026-1,Movilización Managua Urbano,N/A,2300.0
CYCSA-026-10,Movilización hacia Santa Rosa.,N/A,3700.0
CYCSA-026-11,Movilización hacia  El Sauce.,N/A,3700.0
CYCSA-026-12,Movilización hacia Rivas,N/A,3700.0
CYCSA-026-13,Movilización hacia Granada.,N/A,3700.0
CYCSA-026-14,Movilización hacia  Pueblos Blancos,N/A,3700.0
CYCSA-026-15,Movilización hacia  Masaya.,N/A,3700.0
CYCSA-026-16,Movilización hacia Carazo.,N/A,3700.0
CYCSA-026-17,Movilización hacia Puerto Morazán.,N/A,5000.0
CYCSA-026-18,Movilización hacia Somotillo.,N/A,5000.0
CYCSA-026-19,Movilización hacia Chontales,N/A,5500.0
CYCSA-026-2,Movilización Chinandega-Urbano,N/A,2300.0
CYCSA-026-20,Movilización hacia Matagalpa.,N/A,5000.0
CYCSA-026-21,Movilización Jinotega.,N/A,5000.0
CYCSA-026-22,Movilización hacia Nueva Segovia.,N/A,5000.0
CYCSA-026-23,Movilización hacia Boaco,N/A,5000.0
CYCSA-026-24,Movilización hacia San Carlos.,N/A,11050.0
CYCSA-026-25,Movilización hacia  Bilwi.,N/A,11050.0
CYCSA-026-26,Movilización hacia Wiwilí,N/A,11050.0
CYCSA-026-27,Movilización hacia El Rama.,N/A,11050.0
CYCSA-026-28,Movilización hacia Nueva Guinea,N/A,11050.0
CYCSA-026-29,Movilización Tipitapa.,N/A,3000.0
CYCSA-026-3,Movilización  sitio carretera Potosí Km 142,N/A,3700.0
CYCSA-026-30,Movilización Waspam.,N/A,44200.0
CYCSA-026-31,Movilización hacia Región del Autónoma Atlántico Norte (RAAN).,N/A,44200.0
CYCSA-026-32,Movilización hacia Bonanza.,N/A,44200.0
CYCSA-026-33,Movilización a Puerto Sandino.,N/A,2250.0
CYCSA-026-34,Movilización hacia  Posoltega.,N/A,1900.0
CYCSA-026-35,Movilización hacia Nandaime.,N/A,3000.0
CYCSA-026-36,Movilización hacia Estelí (Urbano),N/A,5550.0
CYCSA-026-37,Movilización hacia mina El Limón.,N/A,2500.0
CYCSA-026-38,Movilización hacia León.,N/A,1300.0
CYCSA-026-39,Movilización hacia Peñas Blancas.,N/A,18000.0
CYCSA-026-4,Movilización Km 139 carretera a Corinto,N/A,2600.0
CYCSA-026-40,Movilización ciudad de Managua.,N/A,1500.0
CYCSA-026-41,Movilización hacia Corinto.,N/A,2600.0
CYCSA-026-5,"Carretera León-San Isidro, San Jacinto Tizate.",N/A,2000.0
CYCSA-026-6,Movilización Telica-León,N/A,2000.0
CYCSA-026-7,Movilización hacia San Juan del Sur.,N/A,11050.0
CYCSA-026-8,Movilización hacia Ocotal,N/A,7200.0
CYCSA-026-9,Movilización hacia Achuapa.,N/A,3700.0
CYCSA-026-EXONERADO,Movilización exonerada.,N/A,0.0
CYCSA-027,Canon de arrendamientos.,N/A,3700.0
CYCSA-028,"Laboratorio por día,   ( Jornada  diurna ordinaria, no mayor a 8 horas , máximo de ensayos a realizar  6  ) CYCSA-PE-25 “Método estándar para la determinación de densidad in situ y contenido de agua (densímetro nuclear)”",N/A,5900.0
CYCSA-028-PUNTUAL 3,Servicio de laboratorio puntual para realizar máximo 3 ensayos CYCSA-PE-25 “Método estándar para la determinación de densidad in situ y contenido de agua (densímetro nuclear)”,N/A,4400.0
CYCSA-028-PUNTUAL 4,Servicio de laboratorio puntual para realizar máximo 4 ensayos  CYCSA-PE-25 “Método estándar para la determinación de densidad in situ y contenido de agua (densímetro nuclear)”,N/A,5200.0
CYCSA-029,Servicio por mes para ensayo CYCSA-PE-25 “Método estándar para la determinación de densidad in situ y contenido de agua (densímetro nuclear)” Y CYCSA-PE-18 Determinación de las características de compactación del suelo por el método Proctor Estándar,N/A,132500.0
CYCSA-030,Permeabilidad de Pared Flexible  (K),N/A,10500.0
CYCSA-031,Ensayo de Expansión (Exp).,N/A,0.0
CYCSA-032,"Toma de muestra,  vigueta de concreto.",N/A,800.0
CYCSA-033,"Toma de muestra ,  cilindro  de concreto.",N/A,600.0
CYCSA-034,Estudio Geológico,N/A,0.0
CYCSA-035,Estudio Hidrogeológico.,N/A,0.0
CYCSA-036,Sondeos manuales a un metro de profundidad ( Extracción de 2 muestras  0 a 50 cm y de  50cm a 100 cm),N/A,5550.0
CYCSA-037,Diseño de carpeta de rodamiento en asfalto y concreto.,N/A,11100.0
CYCSA-038,"Informe de  estudio geotécnico, conclusiones y recomendaciones.",N/A,3700.0
CYCSA-039,"Infiltración, ensayo de permeabilidad Lefranc + informe.",N/A,7400.0
CYCSA-29-1,Servicio por mes para ensayo CYCSA-PE-25 “Método estándar para la determinación de densidad in situ y contenido de agua (densímetro nuclear),N/A,132500.0
CYCSA-GRANITO,Plancha de Granito.,Sin categoría.,0.0
CYCSA-MO PROYECTOS,CYCSA-SERVICIO DE MANO DE OBRA,N/A,0.0
CYCSA-MO PROYECTOS E,CYCSA-MO PROYECTOS E,N/A,0.0
CYCSA-PE-01,"CYCSA-PE-01  ""Determinación de la Humedad en  muestras de agregados""",N/A,900.0
CYCSA-PE-01-1,CYCSA-PE-07 Determinación de la resistencia  del concreto (Núcleos ),N/A,900.0
CYCSA-PE-02,Método de prueba estándar para densidad relativa (gravedad específica) y absorción de agregado fino y gruesos (% de absorción),N/A,900.0
CYCSA-PE-02.,"Método de prueba estándar para densidad relativa (gravedad específica) y absorción de agregado fino y gruesos (Gravedad GE, GE SSS, GE AP)",N/A,2250.0
CYCSA-PE-02-R,Método de prueba estándar para densidad relativa (gravedad específica) y absorción de agregado  gruesos    (% de Absorción) en roca.,N/A,900.0
CYCSA-PE-03..,CYCSA-PE-03- Determinación de los pesos unitarios seco sueltos y seco compacto  ( PVSC ),N/A,900.0
CYCSA-PE-03 PVSS Y PVSC,CYCSA-PE-03- Determinación de los pesos unitarios seco sueltos y seco compacto de los  suelos  ( PVSS y PVSC ).,N/A,1500.0
CYCSA-PE-03-PVSS,CYCSA-PE-03- Determinación de los pesos unitarios seco sueltos y seco compacto  ( PVSS ),N/A,900.0
CYCSA-PE-04,"CYCSA-PE-04 Determinación de la resistencia al desgaste, del agregado grueso de tamaño hasta de 37.5 mm (1½ pulg), por abrasión e impacto en la Máquina de Los Ángeles)  Abrasión de los ángeles",N/A,3000.0
CYCSA-PE-05,CYCSA-PE-05- Determinación de materia orgánica en los agregados  (Colorimetría).,N/A,950.0
CYCSA-PE-06,CYCSA-PE-06 -Determinación del Análisis Granulométrico de los Agregados  Gruesos y Finos.,N/A,900.0
CYCSA-PE-06-1,Módulo de finura de los agregados gruesos y finos.,N/A,900.0
CYCSA-PE-07,CYCSA-PE-07 Determinación de la resistencia  del concreto.,N/A,600.0
CYCSA-PE-07.,CYCSA-PE-07 Determinación de la resistencia  del concreto.       ( Recolecta de muestras  tomadas por el cliente  más informe de resultados ).,N/A,900.0
CYCSA-PE-08,CYCSA-PE-08 Procedimiento para la Dosificación y Fabricación de Mezclas de Concreto (diseño),N/A,7400.0
CYCSA-PE-09,"CYCSA-PE-09 ""Determinación del Revenimiento del Concreto""",N/A,600.0
CYCSA-PE-10,CYCSA-PE-10 Procedimiento para la toma de muestras de Concreto.,N/A,600.0
CYCSA-PE-11,CYCSA-PE-11 Método de prueba estándar para la relación de rodamiento de california (C.B.R) de los suelos compactos en laboratorio,N/A,2250.0
CYCSA-PE-11-1,"Ensayo de DCP In situ mas informe de resultados. CYCSA- PE-16 ""Determinación del Análisis Granulométrico de  suelos"". CYCSA-PE-17 "" Determinación de los Límites de consistencia o de Atterberg de los suelos"" y CYCSA-PE-23 Clasificación SUCS.",N/A,4800.0
CYCSA-PE-12,CYCSA-PE-12 Método de prueba estándar del número de rebote para concreto endurecido (Martillo Suizo),N/A,1500.0
CYCSA-PE-13,"CYCSA-PE-13  ""Determinación del contenido de Humedad en muestras de suelos""",N/A,800.0
CYCSA-PE-14,CYCSA-PE-14-Métodos de prueba estándar para la gravedad específica de los sólidos del suelo por picnómetro de agua (Gravedad Especifica),N/A,1500.0
CYCSA-PE-16,"CYCSA-PE-16 ""Determinación del Análisis Granulométrico de suelos""",N/A,900.0
CYCSA-PE-17,"CYCSA-PE-17 "" Determinación de los  Límites de consistencia o de Atterberg de los suelos""",N/A,1500.0
CYCSA-PE-18,CYCSA-PE-18 Determinación de las características de compactación del suelo por el método Proctor Estándar y modificado.,N/A,2600.0
CYCSA-PE-18-1,CYCSA-PE-18 Determinación de las características de compactación del suelo por el método Proctor Estándar.,N/A,1300.0
CYCSA-PE-18-2,CYCSA-PE-18  Determinación de las características de compactación del suelo por el método proctor modificado,N/A,1300.0
CYCSA-PE-19,CYCSA-PE-19 -Ferroscan,N/A,22200.0
CYCSA-PE-20,CYCSA-PE-20 Método de prueba estándar para la densidad y el peso unitario del suelo in situ mediante el método del cono de arena.,N/A,1300.0
CYCSA-PE-21,CYCSA-PE-21 Método de prueba estándar para prueba de penetración estándar (SPT) y muestreo de suelos de barril dividido   (D1586)   (Sondeos Generales SPT),N/A,3700.0
CYCSA-PE-23,CYCSA-PE-23 Práctica estándar para la clasificación de suelos con fines de ingeniería (Sistema Unificado de Clasificación de Suelos)  (SUCS),N/A,800.0
CYCSA-PE-23.,CYCSA-PE-23 Clasificación HBR.,Servicios no acreditados.,20.0
CYCSA-PE-24,CYCSA-PE-24 Ensayo de porchet (Velocidad de  infiltración del agua en el  suelo. ( Excavación la realiza el cliente ).,N/A,7400.0
CYCSA-PE-25.,CYCSA-PE-25 “Método estándar para la determinación  de densidad in situ y contenido de agua    ( densímetro nuclear)”,N/A,1300.0
CYCSA-PE-25NA,CYCSA-PE-25 método estándar para la determinación de densidad insitu y contenido de agua (Densímetro Nuclear),N/A,1300.0
CYCSA-PE-27,CYCSA-PE-27 “Procedimiento para la Determinación de Temperatura en el concreto fresco”,N/A,600.0
CYCSA-PE-27.,CYCSA-PE-27 “Procedimiento para la Determinación de Temperatura en el concreto fresco” (Incluye informe de resultados ).,N/A,600.0
CYCSA-PE-27 Y 09.,"Ensayos en concreto. CYCSA-PE-27-Procedimiento para la Determinación de Temperatura en el concreto fresco, CYCSA-PE-09  Determinación del Revenimiento del Concreto""",N/A,1200.0
CYCSA-PE-29,CYCSA-PE-29 Método de prueba estándar para medir el espesor de elementos de concreto utilizando núcleos de concreto perforados. ( Incluye extracción de muestra ),N/A,4500.0
CYCSA-PE-29 +RESISTENCIA,CYCSA-PE-29 Método de prueba estándar para medir el espesor de elementos de concreto utilizando núcleos de concreto perforados. ( Incluye extracción de muestra ),N/A,5100.0
CYCSA-PE-30,"CYCSA-PE-30 ""Método de ensayo estándar para determinar el esfuerzo de flexión del concreto (utilizando una viga simple con carga en el tercer punto)""",N/A,800.0
CYCSA-PE-32,"CYCSA-PE-32 ""Procedimiento para la determinación de la resistencia del Bloque y Adoquín"",",N/A,2000.0
CYCSA-PE-33,CYCSA-PE-33 Preparación de muestras analíticas de suelos para ensayos.,N/A,900.0
CYCSA-PE-35,Procedimiento contenido de aire del concreto recién mezclado mediante el método por presión,N/A,1500.0
CYCSA-PE-36,Procedimiento contenido de aire del concreto recién mezclado mediante el método volumétrico,N/A,1500.0
CYCSA-PE-37,Determinación del flujo de revenimiento del concreto autoconsolidante,N/A,900.0
CYCSA-PE-38,Especificación estándar para barras de acero de baja aleación lisas y corrugadas para refuerzo de hormigón (Ensayos de Doblez Simple),N/A,2250.0
CYCSA-PE-39,CYCSA-PE-39-Determinación del valor de azul de metileno en agregados finos.,N/A,1850.0
CYCSA-PE-40,CYCSA-PE-40 Métodos de prueba estándar para la resistencia a la compresión y los módulos elásticos de muestras de núcleos de roca intactos bajo diferentes estados de tensión y temperaturas  ( Compresión simple en roca. ),N/A,2800.0
CYCSA-PE-41,CYCSA-PE-41 Método de prueba estándar para grumos de arcilla y partículas desmezurable en agregados.,N/A,1900.0
CYCSA-PE-41-PH (-),"Sólidos Suspendidos Totales (MG/L), Sólidos Sediméntales (ML/L), aceites y grasas totales (MG/L), DBO (MG/L), DQO (MG/L), Nitrógeno Total (MG/L), Fósforo Total (MG/L), Coliformes Fecales y Totales",N/A,12000.0
CYCSA-PE-42,"CYCSA-PE-42 Método de prueba estándar para partículas planas, partículas alargadas o partículas planas y alargadas en agregado grueso   (Alargamiento ó aplastamiento)",N/A,600.0
CYCSA-PE-46,CYCSA-PE-46 Métodos de prueba estándar para la densidad del suelo y los materiales rocosos in situ mediante el método de reemplazo de agua en un pozo de prueba Compactación por reemplazo de agua,N/A,2250.0
CYCSA-PE-47,CYCSA-PE-47 procedimiento de tinte penetrante para la  detección de defectos en la soldadura (ensayo no destructivo),N/A,2000.0
CYCSA-PE-49,CYCSA-PE-49 Método de prueba estándar para el uso del penetrómetro de cono dinámico en aplicaciones de pavimentos poco profundos(DCP),N/A,4800.0
CYCSA-PE-50,CYCSA-PE-50 Método de prueba estándar para el valor equivalente de arena de suelos y agregados finos (Equivalente de arena.),N/A,2250.0
CYCSA-PE-51,CYCSA-PE-51 Métodos de Prueba Estándar para Medición No Destructiva del Espesor de Película Seca de Recubrimientos No-Magnético Aplicado a una Base Ferrosa,N/A,1900.0
CYCSA-PE-52,CYCSA-PE-52 Método de prueba estándar para la solidez de los agregados mediante el uso de sulfato de sodio o sulfato de magnesio. (Intemperísmo Acelerado agregado grueso Durabilidad de sulfato en magnesio),N/A,4500.0
CYCSA-PE-54,CYCSA-PE-54 Método de Prueba Estándar para Propiedades de Consolidados Unidimensionalmente de Suelo Usando Carga Incremental,N/A,15000.0
CYCSA-PE-55,Método Prueba de Corte Directo de  Suelo en Consolidación Drenada Consolidada,N/A,5500.0
CYCSA-PE-57,CYCSA-PE-57 Método de prueba estándar para la resistencia a la compresión de morteros de cemento hidráulico (utilizando muestras cúbicas de 50 mm [2 in]),N/A,600.0
CYCSA-PE-57-1,Toma de muestras de cubos de mortero  y ensayo Método de prueba estándar para la resistencia a la compresión de morteros de cemento hidráulico (utilizando muestras cúbicas de 50 mm [2 in]) muestras de 3 cubos cada una.,N/A,4800.0
CYCSA-PE-58,CYCSA-PE-58 Métodos de prueba estándar para la resistencia a la compresión de cilindros de suelo-cemento moldeados.,N/A,600.0
CYCSA-PE-59,"CYCSA-PE-59 Determinación de la densidad, la absorción de agua y los vacíos en el concreto endurecido.",N/A,900.0
CYCSA-PE-61,CYCSA-PE-61 Métodos de pruebas estándar de tensión para  materiales metálicos. ( Muestra de varillas #3),N/A,4250.0
CYCSA-PE-61-1,CYCSA-PE-61 Métodos de pruebas estándar de tensión para materiales metálicos. ( Muestra de varillas #4 ),N/A,4250.0
CYCSA-PE-61-2,CYCSA-PE-61 Métodos de pruebas estándar de tensión para materiales metálicos. ( Muestra de varillas #5 ),N/A,4700.0
CYCSA-PE-61-3,CYCSA-PE-61 Métodos de pruebas estándar de tensión para materiales metálicos. ( Muestra de varillas #6 ),N/A,4700.0
CYCSA-PE-61-4,CYCSA-PE-61 Métodos de pruebas estándar de tensión para materiales metálicos. ( Muestra de varillas #7 ),N/A,6700.0
CYCSA-PE-61-5,CYCSA-PE-61 Métodos de pruebas estándar de tensión para materiales metálicos. ( Muestra de varillas #8 ),N/A,6700.0
LAB-001,Servicio de Laboratorio  proyecto Sistema de Alcantarillado Sanitario Chinandega.,N/A,106210.47
LAB-002,Servicio de Laboratorio proyecto Rehabilitación de Aeropuertos de la Costa Caribe Sur,N/A,0.0
